game,developer,number of devs,rating,rating count,metacritic,first dev
The Witcher 3: Wild Hunt,['CD PROJEKT RED'],1,4.67,3491,93,CD PROJEKT RED
Life is Strange,['DONTNOD Entertainment'],1,4.1,2230,83,DONTNOD Entertainment
Red Dead Redemption 2,['Rockstar Games'],1,4.56,2559,96,Rockstar Games
DOOM (2016),"['Bethesda Softworks', 'id Software']",2,4.39,2188,85,Bethesda Softworks
Fallout 4,['Bethesda Game Studios'],1,3.75,1991,84,Bethesda Game Studios
God of War,['SCE Santa Monica Studio'],1,4.6,2590,94,SCE Santa Monica Studio
Rocket League,['Psyonix'],1,4.02,1643,86,Psyonix
METAL GEAR SOLID V: THE PHANTOM PAIN,['Konami Digital Entertainment'],1,4.17,1629,91,Konami Digital Entertainment
Destiny 2,"['Bungie, Inc.', 'Vicarious Visions']",2,3.63,1510,82,"Bungie, Inc."
Horizon Zero Dawn,['Guerrilla Games'],1,4.36,2182,89,Guerrilla Games
Rise of the Tomb Raider,"['Crystal Dynamics', 'Nixxes', 'Feral Interactive']",3,4.01,1534,86,Crystal Dynamics
HITMAN,"['IO Interactive', 'Square Enix', 'Feral Interactive']",3,3.91,1217,83,IO Interactive
Batman: Arkham Knight,"['Rocksteady Studios', 'Warner Bros. Interactive']",2,4.21,1524,81,Rocksteady Studios
Uncharted 4: A Thief’s End,['Naughty Dog'],1,4.53,2279,93,Naughty Dog
Deus Ex: Mankind Divided,['Eidos Montreal'],1,3.95,1254,83,Eidos Montreal
Marvel's Spider-Man,['Insomniac Games'],1,4.46,2054,87,Insomniac Games
Dark Souls III,"['BANDAI NAMCO Entertainment America Inc.', 'FromSoftware']",2,4.39,1427,89,BANDAI NAMCO Entertainment America Inc.
For Honor,"['Blue Byte', 'Ubisoft', 'Ubisoft Montreal', 'Ubisoft Quebec', 'Ubisoft Toronto']",5,3.32,1063,76,Blue Byte
Bloodborne,"['FromSoftware', 'Sony Interactive Entertainment']",2,4.38,1607,92,FromSoftware
Prey (2017),['Arkane Studios'],1,4.29,1259,80,Arkane Studios
Just Cause 3,"['Avalanche Studios', 'Square Enix']",2,3.31,951,74,Avalanche Studios
Mad Max,"['Avalanche Studios', 'Warner Bros. Interactive', 'Feral Interactive']",3,3.71,1085,73,Avalanche Studios
Hellblade: Senua's Sacrifice,['Ninja Theory'],1,4.31,1204,83,Ninja Theory
Don't Starve Together,['Klei Entertainment'],1,3.8,721,83,Klei Entertainment
MORTAL KOMBAT X,"['High Voltage Software', 'NetherRealm Studios', 'Warner Bros. Interactive']",3,3.85,1253,76,High Voltage Software
Detroit: Become Human,['Quantic Dream'],1,4.26,1551,79,Quantic Dream
Hollow Knight,['Team Cherry'],1,4.39,1242,88,Team Cherry
Layers of Fear,['Bloober Team S.A.'],1,3.49,673,72,Bloober Team S.A.
Stardew Valley,"['CHUCKLEFISH LIMITED', 'ConcernedApe']",2,4.39,1156,89,CHUCKLEFISH LIMITED
The Elder Scrolls V: Skyrim Special Edition,['Bethesda Game Studios'],1,4.43,1091,74,Bethesda Game Studios
PlayerUnknown’s Battlegrounds,"['Bluehole, Inc.', 'PUBG Corporation']",2,3.38,1060,81,"Bluehole, Inc."
Dishonored 2,"['Arkane Studios', 'Bethesda Softworks']",2,4.26,1078,86,Arkane Studios
Cities: Skylines,['Colossal Order Ltd.'],1,4.16,845,85,Colossal Order Ltd.
Firewatch,['Campo Santo'],1,4.3,1439,81,Campo Santo
Paladins,['Hi-Rez Studios'],1,3.09,802,78,Hi-Rez Studios
INSIDE,['Playdead'],1,4.39,1437,87,Playdead
NieR:Automata,"['Platinum Games', '8-4']",2,4.35,1174,86,Platinum Games
Darksiders Warmastered Edition,"['Kaiko', 'Vigil Games']",2,3.67,560,79,Kaiko
Monster Hunter: World,"['Capcom', 'Capcom U.S.A., Inc.']",2,4.09,962,89,Capcom
Call of Duty: Black Ops III,"['Beenox', 'Raven Software', 'Treyarch', 'Mercenary Technology', 'Aspyr Media']",5,3.23,930,73,Beenox
DiRT Rally,"['Codemasters', 'Feral Interactive']",2,3.78,401,86,Codemasters
Undertale,"['tobyfox', 'Toby Fox', '8-4, Ltd.', '8-4']",4,4.34,932,92,tobyfox
SOMA,['Frictional Games'],1,4.14,805,84,Frictional Games
Titanfall 2,['Respawn Entertainment'],1,4.31,1083,87,Respawn Entertainment
Assassin's Creed Origins,"['Ubisoft', 'Ubisoft Montreal']",2,4.01,1127,81,Ubisoft
XCOM 2,"['2K', 'Firaxis', 'Feral Interactive']",3,4.11,797,88,2K
Grim Fandango Remastered,"['Double Fine Productions', 'LucasArts Entertainment']",2,4.01,608,84,Double Fine Productions
Death Stranding,"['Kojima Productions', 'Guerrilla Games']",2,4.37,725,82,Kojima Productions
Tom Clancy's Rainbow Six Siege,"['Ubisoft', 'Ubisoft Montreal']",2,4.03,847,75,Ubisoft
Far Cry 5,"['Ubisoft', 'Ubisoft Kiev', 'Ubisoft Montreal', 'Ubisoft Toronto', 'Red Storm', 'Ubisoft Shanghai']",6,3.7,1048,80,Ubisoft
Wolfenstein 2: The New Colossus,"['Bethesda Softworks', 'Machine Games']",2,4.09,1054,86,Bethesda Softworks
Mafia III,"['2K Czech', 'Hangar 13', 'Aspyr Media']",3,3.11,884,62,2K Czech
Assassin's Creed Odyssey,"['Ubisoft', 'Ubisoft Bucharest', 'Ubisoft Kiev', 'Ubisoft Montpellier', 'Ubisoft Montreal', 'Ubisoft Quebec', 'Ubisoft Shanghai', 'Ubisoft Singapore']",8,4.06,1021,85,Ubisoft
Battlefield 1,"['Electronic Arts', 'Electronic Arts DICE']",2,3.79,1134,88,Electronic Arts
Shadow of the Tomb Raider,['Eidos Montreal'],1,3.82,784,78,Eidos Montreal
Broforce,"['Devolver Digital', 'Free Lives']",2,3.97,818,83,Devolver Digital
Ori and the Blind Forest,['Moon Studios GmbH'],1,4.33,823,88,Moon Studios GmbH
Cuphead,"['StudioMDHR Entertainment Inc.', 'Studio MDHR']",2,4.36,1051,87,StudioMDHR Entertainment Inc.
Sekiro: Shadows Die Twice,['FromSoftware'],1,4.38,1008,90,FromSoftware
Hitman 2,['IO Interactive'],1,4.04,615,83,IO Interactive
Until Dawn,['Supermassive Games'],1,4.1,1094,79,Supermassive Games
Watch Dogs 2,['Ubisoft Montreal'],1,3.84,894,79,Ubisoft Montreal
No Man's Sky,"['Hello Games', 'Hello Games LTD']",2,3.62,809,70,Hello Games
Ori and the Blind Forest: Definitive Edition,['Moon Studios GmbH'],1,4.39,862,88,Moon Studios GmbH
The Witness,"['Number None', 'Thekla, Inc', 'NVIDIA Lightspeed Studios']",3,4.04,791,87,Number None
Apex Legends,['Respawn Entertainment'],1,3.68,1226,88,Respawn Entertainment
Tom Clancy’s The Division,"['Massive Entertainment', 'Ubisoft']",2,3.71,865,80,Massive Entertainment
What Remains of Edith Finch,['Giant Sparrow'],1,4.37,1141,89,Giant Sparrow
Call of Duty: WWII,['Sledgehammer Games'],1,3.49,572,77,Sledgehammer Games
Jotun: Valhalla Edition,['Thunder Lotus Games'],1,3.08,349,79,Thunder Lotus Games
Overcooked,"['Ghost Town Games Ltd.', 'Team17 Digital']",2,4.1,835,81,Ghost Town Games Ltd.
Quantum Break,['Remedy Entertainment'],1,3.91,750,66,Remedy Entertainment
Resident Evil 7: Biohazard,"['Capcom', 'Capcom U.S.A., Inc.']",2,4.31,911,85,Capcom
Ratchet & Clank (2016),['Insomniac Games'],1,4.04,889,85,Insomniac Games
Kingdom Come: Deliverance,"['Deep Silver', 'Warhorse Studios']",2,4.03,694,71,Deep Silver
Hacknet,['Team Fractal Alligator'],1,3.21,319,82,Team Fractal Alligator
Darkest Dungeon,['Red Hook Studios'],1,4.22,725,84,Red Hook Studios
Borderlands Game of the Year Enhanced,"['Gearbox Software', 'Blind Squirrel Games']",2,3.82,595,78,Gearbox Software
Middle-earth: Shadow of War,"['Monolith Productions', 'Warner Bros. Interactive']",2,3.86,674,82,Monolith Productions
Tales from the Borderlands,['Telltale Games'],1,4.16,735,86,Telltale Games
FINAL FANTASY XV,['Square Enix'],1,3.89,868,82,Square Enix
Divinity: Original Sin - Enhanced Edition,['Larian Studios'],1,4.29,628,94,Larian Studios
The Legend of Zelda: Breath of the Wild,['Nintendo'],1,4.56,1712,97,Nintendo
Fallout Shelter,"['Bethesda Game Studios', 'Bethesda Softworks']",2,3.47,791,63,Bethesda Game Studios
Orwell: Keeping an Eye On You,"['Osmotic Studios', 'Fellow Traveller']",2,3.25,379,77,Osmotic Studios
Assassin's Creed Syndicate,"['Ubisoft Montreal', 'Ubisoft Quebec', 'Ubisoft Singapore']",3,3.68,824,74,Ubisoft Montreal
SUPERHOT,"['SUPERHOT Team', 'SUPERHOT Sp. z o.o.']",2,4.22,791,82,SUPERHOT Team
Kingdom: Classic,"['Licorice', 'Noio']",2,3.44,327,74,Licorice
Devil May Cry 5,['Capcom'],1,4.24,818,88,Capcom
The Flame in the Flood,['The Molasses Flood'],1,2.89,269,73,The Molasses Flood
Rust,['Facepunch Studios'],1,3.38,442,69,Facepunch Studios
Divinity: Original Sin 2,['Larian Studios'],1,4.38,806,95,Larian Studios
Star Wars Jedi: Fallen Order,['Respawn Entertainment'],1,4.12,640,80,Respawn Entertainment
Dead Cells,"['Motion Twin', 'Playdigious', 'Plug In Digital', 'Motion Twin SARL']",4,4.29,826,88,Motion Twin
Sid Meier’s Civilization VI,"['Firaxis', 'Aspyr Media']",2,4.15,690,88,Firaxis
Wolfenstein: The Old Blood,"['Bethesda Softworks', 'Machine Games']",2,4.05,670,76,Bethesda Softworks
Dying Light: The Following - Enhanced Edition,['Techland'],1,4.2,505,87,Techland
SMITE,['Hi-Rez Studios'],1,3.14,444,83,Hi-Rez Studios
Satellite Reign,['5 Lives Studios'],1,2.61,211,75,5 Lives Studios
Killing Floor 2,['Tripwire Interactive'],1,3.51,496,75,Tripwire Interactive
Uncharted: The Lost Legacy,['Naughty Dog'],1,4.29,804,85,Naughty Dog
Stories: The Path of Destinies,['Spearhead Games'],1,3.23,384,74,Spearhead Games
Pillars of Eternity,['Obsidian Entertainment'],1,3.94,448,89,Obsidian Entertainment
Resident Evil 2,['Capcom'],1,4.46,997,91,Capcom
Yakuza 0,"['SEGA', 'Ryu ga Gotoku Studio']",2,4.33,565,85,SEGA
Resident Evil Revelations 2 / Biohazard Revelations 2,"['Capcom', 'Sony Computer Entertainment America']",2,3.69,441,72,Capcom
Oxenfree,"['Night School Studio', 'Night School Studio LLC', 'Night School Studios']",3,3.91,561,80,Night School Studio
Dark Souls II: Scholar of the First Sin,"['BANDAI NAMCO Entertainment America Inc.', 'FromSoftware']",2,4.14,605,79,BANDAI NAMCO Entertainment America Inc.
Call of Duty: Modern Warfare Remastered,"['Activision', 'Beenox', 'Raven Software']",3,3.99,711,86,Activision
The Elder Scrolls Online: Tamriel Unlimited,"['Bethesda Softworks', 'Zenimax Online Studios']",2,3.47,460,77,Bethesda Softworks
Subnautica,"['Unknown Worlds Entertainment', 'Unknown Worlds Entertainment, Inc.']",2,4.26,671,83,Unknown Worlds Entertainment
ABZU,['Giant Squid'],1,3.97,628,83,Giant Squid
Persona 5,['Atlus'],1,4.38,918,93,Atlus
Sonic Mania,"['SEGA', 'PagodaWest Games', 'Christian Whitehead', 'Headcannon']",4,3.92,552,85,SEGA
The Outer Worlds,['Obsidian Entertainment'],1,4.0,596,80,Obsidian Entertainment
F1 2015,"['Codemasters', 'Feral Interactive']",2,2.73,194,61,Codemasters
Metro Exodus,['4A Games'],1,4.04,668,81,4A Games
Magicka 2,"['Paradox Interactive', 'Pieces Interactive']",2,3.65,413,69,Paradox Interactive
Starbound,['Chucklefish'],1,3.91,476,81,Chucklefish
Kholat,"['IMAGINATION S.C.', 'IMGN.PRO']",2,2.67,256,64,IMAGINATION S.C.
The Order: 1886,['Ready At Dawn'],1,3.75,675,63,Ready At Dawn
Prison Architect,"['Double Eleven', 'Introversion Software']",2,3.82,314,83,Double Eleven
Control,"['505 Games', 'Remedy Entertainment']",2,4.18,594,84,505 Games
Dying Light,['Techland'],1,4.1,658,74,Techland
Human: Fall Flat,"['505 Games', 'Curve Digital', 'No Brakes Games']",3,3.82,480,70,505 Games
Doki Doki Literature Club!,['Team Salvato'],1,4.06,622,78,Team Salvato
Celeste,['Matt Makes Games Inc.'],1,4.39,862,91,Matt Makes Games Inc.
Star Wars: Battlefront II (2017),['Electronic Arts DICE'],1,3.51,637,74,Electronic Arts DICE
The Awesome Adventures of Captain Spirit,['DONTNOD Entertainment'],1,3.64,567,77,DONTNOD Entertainment
RiME,"['QLOC', 'Tequila Works', 'Grey Box']",3,3.72,564,78,QLOC
Evolve Stage 2,['Turtle Rock Studios'],1,2.49,286,77,Turtle Rock Studios
Life is Strange: Before The Storm,"['Square Enix', 'Deck Nine']",2,3.93,695,77,Square Enix
The Red Solstice,['Ironward'],1,2.35,128,74,Ironward
Dungeons 2,"['Kalypso Media', 'Realmforge Studios']",2,2.83,178,70,Kalypso Media
Dead by Daylight,"['Behaviour Digital Inc.', 'Behaviour Interactive']",2,3.45,461,72,Behaviour Digital Inc.
Forza Horizon 4,['Playground Games'],1,4.33,772,90,Playground Games
Saints Row: Gat Out of Hell,"['Deep Silver', 'High Voltage Software', 'Volition']",3,3.07,433,66,Deep Silver
Little Nightmares,"['BANDAI NAMCO Entertainment America Inc.', 'Tarsier Studios']",2,4.11,518,81,BANDAI NAMCO Entertainment America Inc.
Furi,['The Game Bakers'],1,3.83,455,76,The Game Bakers
Dark Souls: Remastered,"['FromSoftware', 'QLOC']",2,4.39,683,84,FromSoftware
The LEGO NINJAGO Movie Video Game,"[""Traveller's Tales"", 'Warner Bros. Interactive']",2,3.29,59,70,Traveller's Tales
Steep,"['Ubisoft', 'Ubisoft Annecy', 'Ubisoft Kiev', 'Ubisoft Montpellier']",4,3.42,574,72,Ubisoft
Mass Effect: Andromeda,['BioWare'],1,3.23,685,73,BioWare
Sniper Elite 4,['Rebellion'],1,3.51,397,78,Rebellion
Stellaris,['Paradox Development Studio'],1,4.23,383,78,Paradox Development Studio
Enter the Gungeon,"['Devolver Digital', 'Dodge Roll']",2,4.2,534,84,Devolver Digital
A Way Out,"['Electronic Arts', 'Hazelight']",2,4.08,690,78,Electronic Arts
Frostpunk,['11 Bit Studios'],1,4.19,432,85,11 Bit Studios
HELLDIVERS,['Arrowhead Game Studios'],1,3.57,412,83,Arrowhead Game Studios
Yakuza Kiwami,['Ryu ga Gotoku Studio'],1,4.03,429,83,Ryu ga Gotoku Studio
Dirty Bomb,['Splash Damage®'],1,2.79,248,63,Splash Damage®
Super Mario Odyssey,['Nintendo'],1,4.44,1131,97,Nintendo
Crypt of the NecroDancer,"['Brace Yourself Games', 'BRACE YOURSELF GAMES INC.']",2,4.08,366,87,Brace Yourself Games
SpeedRunners,"['DoubleDutch Games', 'tinyBuild']",2,3.76,289,84,DoubleDutch Games
The Surge,"['Deck13', 'Focus Home Interactive']",2,3.22,380,72,Deck13
TERA,"['Bluehole, Inc.', 'En Masse Entertainment, Inc.']",2,2.91,286,77,"Bluehole, Inc."
Warhammer: End Times - Vermintide,['Fatshark'],1,3.53,294,79,Fatshark
Snake Pass,['Sumo Digital'],1,3.35,140,71,Sumo Digital
Gris,['Nomada Studio'],1,4.27,465,83,Nomada Studio
A Plague Tale: Innocence,"['Asobo Studio', 'Focus Home Interactive']",2,4.2,433,82,Asobo Studio
Her Story,['Sam Barlow'],1,4.04,375,88,Sam Barlow
Grim Dawn,['Crate Entertainment'],1,3.95,321,83,Crate Entertainment
Gears 5,['The Coalition'],1,3.93,398,83,The Coalition
Beholder,"['Alawar Entertainment', 'Warm Lamp Games']",2,3.76,331,75,Alawar Entertainment
Shadow Warrior 2,"['Devolver Digital', 'Flying Wild Hog']",2,3.52,355,78,Devolver Digital
This is the Police,"['HandyGames', 'THQ Nordic', 'Weappy Studio']",3,3.9,398,66,HandyGames
Titan Souls,"['Acid Nerve', 'Devolver Digital']",2,3.35,286,74,Acid Nerve
Days Gone,['SIE Bend Studio'],1,3.91,399,71,SIE Bend Studio
Day of the Tentacle Remastered,['Double Fine Productions'],1,3.68,263,86,Double Fine Productions
ARK: Survival Evolved,"['Efecto Studios', 'Instinct Games', 'Studio Wildcard', 'Virtual Basement LLC', 'WILDCARD PROPERTIES']",5,3.12,256,70,Efecto Studios
Red Faction Guerrilla Re-Mars-tered,"['Kaiko', 'THQ Nordic', 'Volition']",3,3.48,190,70,Kaiko
Fractured Space,['Edge Case Games Ltd.'],1,2.56,112,79,Edge Case Games Ltd.
Warhammer: Vermintide 2,['Fatshark'],1,3.7,356,82,Fatshark
"Invisible, Inc.",['Klei Entertainment'],1,3.47,247,82,Klei Entertainment
Need for Speed,['Ghost Games'],1,3.31,481,66,Ghost Games
Aegis Defenders,"['GUTS Department', 'Humble Bundle, Inc.']",2,2.97,39,76,GUTS Department
Gwent: The Witcher Card Game,"['CD PROJEKT RED', 'CD PROJEKT SA']",2,3.68,516,80,CD PROJEKT RED
RUINER,"['Devolver Digital', 'Reikon Games']",2,3.75,356,78,Devolver Digital
The Last Guardian,"['Sony Interactive Entertainment', 'Team Ico', 'SIE Japan Studio']",3,4.12,478,82,Sony Interactive Entertainment
Hyper Light Drifter,"['Heart Machine', 'Heart Machine LLC', 'Abylight S.L.']",3,4.19,339,84,Heart Machine
South Park: The Fractured but Whole,['Ubisoft San Francisco'],1,4.05,487,80,Ubisoft San Francisco
Slay the Spire,"['Mega Crit Games', 'Mega Crit', 'Humble Bundle']",3,4.38,482,87,Mega Crit Games
Injustice 2,"['NetherRealm Studios', 'QLOC', 'Warner Bros. Interactive']",3,3.99,547,88,NetherRealm Studios
Kerbal Space Program,['Squad'],1,4.18,235,88,Squad
Plague Inc: Evolved,['Ndemic Creations'],1,3.98,337,80,Ndemic Creations
Outlast 2,['Red Barrels'],1,3.68,300,76,Red Barrels
Hellblade: Senua's Sacrifice VR Edition,['Ninja Theory'],1,3.92,141,87,Ninja Theory
Elite Dangerous,"['Frontier Developments', 'Frontier Developments PLC']",2,4.0,259,80,Frontier Developments
Far Cry Primal,['Ubisoft'],1,3.63,423,74,Ubisoft
Borderlands 3,"['2K', 'Gearbox Software']",2,3.96,303,80,2K
PAC-MAN CHAMPIONSHIP EDITION 2,['Bandai Namco Entertainment'],1,3.51,68,77,Bandai Namco Entertainment
The Evil Within 2,"['Bethesda Softworks', 'Tango Gameworks']",2,4.09,442,82,Bethesda Softworks
Mortal Kombat 11,"['NetherRealm Studios', 'QLOC', 'Shiver Games', 'Warner Bros. Interactive']",4,3.97,427,82,NetherRealm Studios
OKAMI HD / 大神 絶景版,['Capcom'],1,4.15,228,92,Capcom
Shadow Tactics: Blades of the Shogun,"['Daedalic Entertainment', 'Mimimi Productions']",2,4.19,219,85,Daedalic Entertainment
Serial Cleaner,"['Curve Digital', 'iFun4all S.A.', 'East2west Network Tech. Co. Ltd.']",3,3.2,79,72,Curve Digital
DISTRAINT,['Jesse Makkonen'],1,3.01,154,76,Jesse Makkonen
Sea of Thieves,['Rare'],1,3.57,424,68,Rare
>observer_,['Bloober Team S.A.'],1,3.9,274,77,Bloober Team S.A.
FIFA 18,"['Electronic Arts', 'Electronic Arts Canada']",2,3.42,462,79,Electronic Arts
Mirage: Arcane Warfare,['Torn Banner Studios'],1,2.24,127,74,Torn Banner Studios
Disco Elysium,['ZA/UM'],1,4.26,182,91,ZA/UM
Tom Clancy's Ghost Recon Wildlands,"['Reflections', 'Ubisoft', 'Ubisoft Annecy', 'Ubisoft Bucharest', 'Ubisoft Milan', 'Ubisoft Montpellier', 'Ubisoft Paris']",7,3.59,425,72,Reflections
Ashes of the Singularity: Escalation,"['Oxide Games', 'Stardock Entertainment']",2,2.38,24,81,Oxide Games
Dishonored: Death of the Outsider,"['Arkane Studios', 'Bethesda Softworks']",2,4.05,318,83,Arkane Studios
TEKKEN 7,"['BANDAI NAMCO Entertainment America Inc.', 'Bandai Namco Entertainment']",2,4.06,404,82,BANDAI NAMCO Entertainment America Inc.
My Friend Pedro,"['DeadToast Entertainment', 'Deadtoast']",2,3.86,331,76,DeadToast Entertainment
Into the Breach,['Subset Games'],1,4.31,476,90,Subset Games
Hand of Fate,['Defiant Development'],1,3.71,228,78,Defiant Development
Wasteland 2: Director's Cut,['InXile Entertainment'],1,3.61,199,87,InXile Entertainment
Full Throttle Remastered,"['Double Fine Productions', 'Shiny Shoe']",2,4.02,276,77,Double Fine Productions
Street Fighter V,"['Capcom', 'Capcom U.S.A., Inc.']",2,3.71,235,74,Capcom
EA SPORTS FIFA 17,"['Electronic Arts', 'Electronic Arts Canada']",2,3.3,350,85,Electronic Arts
Punch Club,"['Lazy Bear Games', 'tinyBuild']",2,3.66,241,73,Lazy Bear Games
Bulletstorm: Full Clip Edition,['People Can Fly'],1,3.85,375,76,People Can Fly
Crash Bandicoot N. Sane Trilogy,"['Activision', 'Toys for Bob', 'Vicarious Visions', 'Iron Galaxy']",4,4.12,286,81,Activision
Absolver,"['Devolver Digital', 'Sloclap']",2,2.84,291,69,Devolver Digital
Kingdom: New Lands,"['Licorice', 'Noio', 'Raw Fury']",3,3.84,232,80,Licorice
Apotheon,"['Alientrap', 'Alientrap Games Inc', 'Alientrap Games']",3,3.17,242,78,Alientrap
Everybody's Gone to the Rapture,"['Sony Interactive Entertainment', 'The Chinese Room']",2,3.36,348,76,Sony Interactive Entertainment
Gears of War 4,['The Coalition'],1,3.92,425,85,The Coalition
Spyro Reignited Trilogy,"['Activision', 'Toys for Bob', 'Iron Galaxy']",3,4.15,236,80,Activision
Downwell,"['Devolver Digital', 'Moppin']",2,3.89,321,81,Devolver Digital
Lovers in a Dangerous Spacetime,"['Asteroid Base Inc', 'Asteroid Base', 'Asteroid Base Inc.']",3,3.54,268,80,Asteroid Base Inc
Tricky Towers,"['WeirdBeard', 'WEIRDBEARD B.V.', 'Marcus Dobler Applications UG (haftungsbeschränkt)']",3,3.6,272,80,WeirdBeard
Shadowrun: Hong Kong - Extended Edition,['Harebrained Schemes'],1,3.8,154,81,Harebrained Schemes
Pyre,['Supergiant Games'],1,4.21,310,84,Supergiant Games
OlliOlli2: Welcome to Olliwood,"['Roll7', 'Roll 7']",2,3.32,199,82,Roll7
Tom Clancy’s The Division 2,"['Massive Entertainment', 'Ubisoft']",2,3.79,424,83,Massive Entertainment
Battlefield Hardline,"['Electronic Arts', 'Visceral Games', 'Electronic Arts DICE']",3,3.19,375,72,Electronic Arts
Vampyr,"['DONTNOD Entertainment', 'Focus Home Interactive', 'Saber Interactive', 'DONTNOD']",4,3.51,385,70,DONTNOD Entertainment
NBA 2K16,"['2K', 'Visual Concepts']",2,2.96,234,86,2K
The Turing Test,"['Bulkhead Interactive', 'BULKHEAD INTERACTIVE LIMITED']",2,3.58,193,74,Bulkhead Interactive
A Hat in Time,"['Gears for Breakfast', 'Humble Bundle, Inc.']",2,4.35,291,77,Gears for Breakfast
Kingdom Hearts III,['Square Enix'],1,3.83,342,82,Square Enix
Tyranny,['Obsidian Entertainment'],1,4.11,273,80,Obsidian Entertainment
Mutant Year Zero: Road to Eden,"['Funcom Oslo A/S', 'The Bearded Ladies Consulting', 'The Bearded Ladies']",3,3.79,306,78,Funcom Oslo A/S
Battlefield V,"['Electronic Arts', 'Electronic Arts DICE', 'Uprise']",3,3.57,434,77,Electronic Arts
Moonlighter,"['11 Bit Studios', 'Digital Sun']",2,3.83,241,80,11 Bit Studios
Owlboy,"['D-Pad Studio', 'D-Pad Studios']",2,3.8,221,88,D-Pad Studio
Resident Evil HD Remaster,['Capcom'],1,4.25,294,82,Capcom
Kathy Rain,"['Clifftop Games', 'Raw Fury']",2,2.76,90,77,Clifftop Games
Darksiders III,"['Gunfire Games', 'THQ Nordic']",2,3.42,287,68,Gunfire Games
Portal Knights,"['505 Games', 'Keen Games']",2,3.02,246,72,505 Games
Life is Strange 2,['DONTNOD Entertainment'],1,3.81,301,76,DONTNOD Entertainment
The Banner Saga 2,"['Stoic', 'Versus Evil']",2,4.18,221,82,Stoic
Faeria,['Abrakam SA'],1,2.92,139,80,Abrakam SA
Mini Metro,"['Dinosaur Polo Club', 'Playdigious', 'Radial Games']",3,4.1,280,77,Dinosaur Polo Club
Pathologic Classic HD,"['General Arcade', 'Ice-Pick Lodge']",2,3.87,131,76,General Arcade
Keep Talking and Nobody Explodes,"['Steel Crate Games', 'STEEL CRATE GAMES, INC.']",2,4.24,223,67,Steel Crate Games
DiRT Rally 2.0,['Codemasters'],1,3.5,107,83,Codemasters
Two Point Hospital,"['Two Point Studios', 'GAMESDROP LTD']",2,3.78,183,84,Two Point Studios
EA SPORTS FIFA 16,"['Electronic Arts', 'Electronic Arts Canada']",2,3.27,286,79,Electronic Arts
FIFA 19,['Electronic Arts Vancouver'],1,3.38,400,80,Electronic Arts Vancouver
Horizon Chase Turbo,['Aquiris Game Studio'],1,3.33,208,78,Aquiris Game Studio
Crossout,['Targem Games'],1,2.85,247,68,Targem Games
Halo 5: Guardians,['343 Industries'],1,3.77,338,84,343 Industries
Fallout 76,['Bethesda Game Studios'],1,2.54,283,51,Bethesda Game Studios
Divide By Sheep,"['Denis Novikov', 'tinyBuild', 'Victor Solodilov']",3,2.46,93,83,Denis Novikov
SteamWorld Heist,"['Image & Form', 'Image & Form International AB']",2,3.96,191,81,Image & Form
ZOMBI,"['Straight Right', 'Ubisoft']",2,2.83,252,65,Straight Right
Night in the Woods,"['Finji', 'Infinite Fall', 'bombsfall', 'InfiniteAmmo']",4,4.3,356,88,Finji
Surviving Mars,"['Haemimont Games', 'Paradox Interactive']",2,3.71,199,75,Haemimont Games
RAGE 2,"['Avalanche Studios', 'id Software']",2,3.19,362,71,Avalanche Studios
LET IT DIE,"['Gungho Online', 'Grasshopper Manufacture', 'SUPERTRICK  GAMES,Inc.']",3,3.08,230,72,Gungho Online
Gran Turismo Sport,['Polyphony Digital'],1,3.98,394,75,Polyphony Digital
Forza Horizon 3,['Playground Games'],1,4.34,419,88,Playground Games
Project CARS,['Slightly Mad Studios'],1,3.53,162,83,Slightly Mad Studios
Sherlock Holmes: The Devil's Daughter,['Frogwares'],1,3.71,162,65,Frogwares
Victor Vran,['Haemimont Games'],1,3.38,155,75,Haemimont Games
Return Of The Obra Dinn,"['3909', 'Lucas Pope', 'dukope']",3,4.32,337,88,3909
Super Smash Bros. Ultimate,"['Nintendo', 'Bandai Namco Entertainment', 'Sora Ltd.']",3,4.37,692,93,Nintendo
Graveyard Keeper,"['Lazy Bear Games', 'tinyBuild']",2,3.68,196,68,Lazy Bear Games
Ni no Kuni II: Revenant Kingdom,"['BANDAI NAMCO Entertainment America Inc.', 'Level 5']",2,3.89,288,82,BANDAI NAMCO Entertainment America Inc.
Tearaway Unfolded,['Media Molecule'],1,3.72,263,81,Media Molecule
Call of Duty: Black Ops 4,"['Beenox', 'Raven Software', 'Treyarch']",3,3.51,349,84,Beenox
Blasphemous,['The Game Kitchen'],1,4.01,152,77,The Game Kitchen
The Final Station,"['Andrey Rumak', 'Do My Best', 'Oleg Sergeev', 'tinyBuild']",4,3.84,215,76,Andrey Rumak
Not A Hero,"['Devolver Digital', 'Roll7', 'Roll 7']",3,3.29,178,75,Devolver Digital
Slime Rancher,"['Monomi Park', 'Monomi Park, LLC']",2,3.79,234,81,Monomi Park
Nuclear Throne,['Vlambeer'],1,4.08,170,88,Vlambeer
Pony Island,['Daniel Mullins Games'],1,4.03,187,86,Daniel Mullins Games
The Escapists,"['Mouldy Toof Studios', 'Team17 Digital']",2,3.45,143,71,Mouldy Toof Studios
Fortified,['Clapfoot'],1,2.07,102,66,Clapfoot
Total War: WARHAMMER,"['Creative Assembly', 'Feral Interactive']",2,3.99,183,86,Creative Assembly
Mark of the Ninja: Remastered,['Klei Entertainment'],1,4.18,194,89,Klei Entertainment
Planet Coaster,['Frontier Developments'],1,4.0,172,84,Frontier Developments
Sunless Sea,['Failbetter Games'],1,3.84,148,81,Failbetter Games
Katana ZERO,['Askiisoft'],1,4.42,352,83,Askiisoft
Yooka-Laylee,"['Playtonic Games', 'Team17 Digital']",2,3.03,146,73,Playtonic Games
TALES OF BERSERIA,"['BANDAI NAMCO Entertainment America Inc.', 'Bandai Namco Entertainment']",2,3.99,159,80,BANDAI NAMCO Entertainment America Inc.
Overwatch,"['Blizzard Entertainment, Inc.']",1,4.25,629,91,"Blizzard Entertainment, Inc."
Orcs Must Die! Unchained,['Robot Entertainment'],1,2.97,158,87,Robot Entertainment
Old Man's Journey,['Broken Rules'],1,3.58,155,77,Broken Rules
Zombie Army Trilogy,['Rebellion'],1,3.3,120,72,Rebellion
Armello,"['League of Geeks', 'LEAGUE OF GEEKS PTY LTD']",2,3.58,138,75,League of Geeks
Salt and Sanctuary,"['Ska Studios', 'SKA STUDIOS LLC']",2,3.89,207,84,Ska Studios
Need for Speed Payback,['Ghost Games'],1,3.25,312,61,Ghost Games
Overcooked! 2,"['Ghost Town Games Ltd.', 'Team17 Digital']",2,4.25,313,82,Ghost Town Games Ltd.
The Council,['Big Bad Wolf'],1,3.67,157,76,Big Bad Wolf
American Truck Simulator,['SCS Software'],1,3.92,136,76,SCS Software
Party Hard,"['Kverta', 'Pinokl Games', 'tinyBuild']",3,3.56,157,64,Kverta
Knowledge is Power,"['PlayStation Mobile Inc.', 'Sony Interactive Entertainment']",2,3.71,345,71,PlayStation Mobile Inc.
Mario Kart 8 Deluxe,['Nintendo'],1,4.4,612,92,Nintendo
Call of Duty: Infinite Warfare,['Infinity Ward'],1,3.54,309,73,Infinity Ward
Project CARS 2,['Slightly Mad Studios'],1,3.75,117,86,Slightly Mad Studios
The Walking Dead: Michonne,['Telltale Games'],1,3.3,243,66,Telltale Games
Outer Wilds,"['Mobius Digital, LLC', 'Mobius Digital']",2,4.19,188,84,"Mobius Digital, LLC"
Bloodstained: Ritual of the Night,"['505 Games', 'Armature Studio', 'Inti Creates', 'Dico', 'ArtPlay']",5,4.0,219,81,505 Games
Pathfinder: Kingmaker,['Owlcat Games'],1,3.94,135,73,Owlcat Games
Homeworld Remastered Collection,"['Gearbox Software', 'Aspyr Media']",2,4.06,115,86,Gearbox Software
Dead Rising 4,['Capcom Vancouver'],1,3.18,126,74,Capcom Vancouver
DRAGON BALL FighterZ,"['Arc System Works', 'BANDAI NAMCO Entertainment America Inc.', 'Arc System Works Co.']",3,4.23,266,86,Arc System Works
Homefront: The Revolution,"['Dambuster Studios', 'Deep Silver']",2,2.99,212,54,Dambuster Studios
Mega Man Legacy Collection / ロックマン クラシックス コレクション,"['Capcom', 'Capcom U.S.A., Inc.', 'Digital Eclipse']",3,3.68,116,85,Capcom
Batman: The Enemy Within,['Telltale Games'],1,3.79,256,68,Telltale Games
State of Decay 2,['Undead Labs'],1,3.16,268,68,Undead Labs
Poly Bridge,"['Dry Cactus', 'Dry Cactus Limited']",2,3.4,112,73,Dry Cactus
The Walking Dead: A New Frontier,['Telltale Games'],1,3.54,311,71,Telltale Games
Dishonored Definitive Edition,['Arkane Studios'],1,4.37,296,78,Arkane Studios
Hearts of Iron IV,['Paradox Development Studio'],1,4.18,153,83,Paradox Development Studio
Iconoclasts,"['Joakim Sandberg', 'Bifrost Entertainment Ltd']",2,3.76,260,86,Joakim Sandberg
Anthem,"['BioWare', 'Electronic Arts']",2,2.71,319,59,BioWare
WipEout Omega Collection,['Sony Interactive Entertainment'],1,3.58,201,85,Sony Interactive Entertainment
The Deadly Tower of Monsters,['ACE Team'],1,3.24,151,73,ACE Team
Jurassic World Evolution,"['Frontier Developments', 'Frontier Developments PLC']",2,3.62,154,71,Frontier Developments
Just Cause 4,"['Avalanche Studios', 'Square Enix']",2,3.02,206,68,Avalanche Studios
Minit,"['Devolver Digital', 'JW, Kitty, Jukio, and Dominik', 'JW, Kitty, Jukio, and Dom', 'and Dom', 'Jukio', 'JW', 'Kitty']",7,3.85,165,78,Devolver Digital
Battle Chasers: Nightwar,"['Airship Syndicate', 'HandyGames', 'THQ Nordic']",3,3.71,144,79,Airship Syndicate
Planescape: Torment: Enhanced Edition,"['Beamdog', 'Black Isle Studios', 'Overhaul Games']",3,4.31,147,85,Beamdog
Last Day of June,"['505 Games', 'Ovosonico']",2,3.31,86,79,505 Games
Burnout Paradise Remastered,['Electronic Arts'],1,3.94,231,80,Electronic Arts
Late Shift,"['CtrlMovie', 'Wales Interactive']",2,3.54,187,80,CtrlMovie
Baba Is You,"['Hempuli Oy', 'Hempuli']",2,4.4,257,86,Hempuli Oy
Worms W.M.D,['Team17 Digital'],1,3.74,121,79,Team17 Digital
Guacamelee! 2,['DrinkBox Studios'],1,4.18,140,85,DrinkBox Studios
"Gremlins, Inc.","['Alexey Bokulev', 'Charlie Oscar Lima Tango Interactive Entertainment', 'Sergei Klimov']",3,3.63,90,75,Alexey Bokulev
12 is Better Than 6,['Ink Stains Games'],1,3.45,107,66,Ink Stains Games
The Escapists 2,"['Mouldy Toof Studios', 'Team17 Digital']",2,3.43,108,74,Mouldy Toof Studios
Shenmue I & II,"['d3t', 'SEGA', 'D3T Limited']",3,3.58,62,74,d3t
Gears of War: Ultimate Edition,"['Epic Games', 'The Coalition']",2,4.1,255,78,Epic Games
Styx: Shards of Darkness,['Cyanide Studio'],1,3.36,102,72,Cyanide Studio
Hue,"['Curve Digital', 'Fiddlesticks Games', 'Serkan Binici', 'Fiddlesticks']",4,3.32,192,79,Curve Digital
Neon Chrome,"['10tons Ltd', '10tons']",2,2.99,111,74,10tons Ltd
Untitled Goose Game,['House House'],1,4.11,290,80,House House
Duck Game,"['Adult Swim', 'Landon Podbielski']",2,4.22,158,82,Adult Swim
MASSIVE CHALICE,['Double Fine Productions'],1,3.17,102,73,Double Fine Productions
FIFA 20,"['Electronic Arts Vancouver', 'Electronic Arts Sports']",2,3.1,203,68,Electronic Arts Vancouver
Offworld Trading Company,['Mohawk Games'],1,3.48,71,78,Mohawk Games
Evoland 2,"['Playdigious', 'Plug In Digital', 'Shiro Games']",3,3.65,97,74,Playdigious
SoulCalibur VI,"['BANDAI NAMCO Entertainment America Inc.', 'Bandai Namco Entertainment']",2,3.79,107,83,BANDAI NAMCO Entertainment America Inc.
Uncanny Valley,"['Cowardly Creations', 'Digerati Distribution']",2,3.0,101,67,Cowardly Creations
Endless Space 2,['Amplitude Studios'],1,3.93,135,82,Amplitude Studios
NARUTO SHIPPUDEN: Ultimate Ninja STORM 4,"['BANDAI NAMCO Entertainment America Inc.', 'CyberConnect2 Co.']",2,4.07,232,80,BANDAI NAMCO Entertainment America Inc.
Obduction,"['Cyan Worlds', 'Cyan, Inc.']",2,3.02,91,76,Cyan Worlds
Reigns,"['Devolver Digital', 'Nerial']",2,3.81,196,77,Devolver Digital
ReCore,"['Armature Studio', 'Comcept']",2,3.37,225,60,Armature Studio
CAYNE,['THE BROTHERHOOD'],1,2.61,66,75,THE BROTHERHOOD
Hard Reset Redux,"['Flying Wild Hog', 'Gambitious']",2,3.41,69,73,Flying Wild Hog
EVERSPACE,['ROCKFISH Games'],1,3.34,134,80,ROCKFISH Games
Momodora: Reverie Under the Moonlight,"['ACTIVE GAMING MEDIA INC', 'Bombservice']",2,3.94,103,82,ACTIVE GAMING MEDIA INC
Mother Russia Bleeds,"['Devolver Digital', 'Le Cartel Studio']",2,3.56,160,70,Devolver Digital
Far Cry New Dawn,"['Ubisoft', 'Ubisoft Montreal']",2,3.44,254,73,Ubisoft
Deponia Doomsday,['Daedalic Entertainment'],1,4.21,110,76,Daedalic Entertainment
Moon Hunters,"['JEUX KITFOX INC.', 'Kitfox Games']",2,3.39,79,62,JEUX KITFOX INC.
Vertiginous Golf,['Kinelco & Lone Elk Creative'],1,2.76,48,63,Kinelco & Lone Elk Creative
Hidden Folks,"['Adriaan de Jongh', 'Sylvain Tegroeg']",2,3.79,147,78,Adriaan de Jongh
Torment: Tides of Numenera,['Techland'],1,3.61,135,81,Techland
Tales of Zestiria,"['BANDAI NAMCO Entertainment America Inc.', 'Bandai Namco Entertainment']",2,3.61,150,77,BANDAI NAMCO Entertainment America Inc.
Divinity: Original Sin 2 - Definitive Edition,['Larian Studios'],1,4.43,298,93,Larian Studios
Chroma Squad,"['BANDAI NAMCO Entertainment America Inc.', 'Behold Studios']",2,3.52,66,75,BANDAI NAMCO Entertainment America Inc.
DRAGON QUEST XI: Echoes of an Elusive Age,"['Square Enix', 'Armor Project']",2,4.34,229,86,Square Enix
Batman: The Telltale Series,['Telltale Games'],1,3.66,168,79,Telltale Games
The Sexy Brutale,"['Cavalier Game Studios', 'Tequila Works', 'Tequila Works S.L.']",3,3.66,102,83,Cavalier Game Studios
Virginia,"['505 Games', 'Variable State']",2,3.26,168,74,505 Games
I am Bread,['Bossa Studios'],1,3.17,123,60,Bossa Studios
Epistory - Typing Chronicles,"['Fishing Cactus', 'Plug In Digital']",2,3.78,77,74,Fishing Cactus
Shadow of the Colossus  (2018),"['SCE Japan Studio', 'Bluepoint Games']",2,4.33,348,91,SCE Japan Studio
Remnant: From the Ashes,"['Gunfire Games', 'PERFECT WORLD ENTERTAINMENT INC.']",2,3.57,150,79,Gunfire Games
Ken Follett's The Pillars of the Earth,['Daedalic Entertainment'],1,3.72,52,79,Daedalic Entertainment
Assassin's Creed III: Remastered,['Ubisoft Montreal'],1,3.44,204,71,Ubisoft Montreal
Thronebreaker: The Witcher Tales,"['CD PROJEKT RED', 'CD PROJEKT SA']",2,4.06,243,84,CD PROJEKT RED
"Warhammer 40,000: Dawn of War III","['Relic Entertainment', 'Feral Interactive']",2,3.15,99,77,Relic Entertainment
Half-Life 2: Update,['Valve Software'],1,4.19,43,96,Valve Software
DiRT 4,"['Codemasters', 'Feral Interactive']",2,3.63,151,78,Codemasters
Beat Saber,"['Hyperbolic Magnetism', 'Beat Games', 'Beat Games s.r.o.']",3,4.38,297,90,Hyperbolic Magnetism
Unravel Two,"['Coldwood Interactive', 'Electronic Arts']",2,4.01,229,79,Coldwood Interactive
Hard West,"['CreativeForge Games', 'Creative Forge Games', 'Good Shepherd Entertainment', 'CreativeForge Games S.A.']",4,3.38,113,73,CreativeForge Games
ClusterTruck,"['Landfall', 'tinyBuild', 'Landfall Games']",3,3.78,166,76,Landfall
Sundered,['Thunder Lotus Games'],1,3.17,81,76,Thunder Lotus Games
FINAL FANTASY XV WINDOWS EDITION,['Square Enix'],1,3.91,182,81,Square Enix
Grey Goo,['Petroglyph'],1,3.49,51,77,Petroglyph
Hitman GO: Definitive Edition,['Square Enix Montréal'],1,3.64,118,72,Square Enix Montréal
Wolfenstein: Youngblood,"['Arkane Studios', 'Bethesda Softworks', 'Machine Games']",3,2.52,203,66,Arkane Studios
Mighty No. 9,"['Abstraction Games', 'Comcept', 'Engine Software', 'Inti Creates', '8-4']",5,2.35,147,52,Abstraction Games
Void Bastards,['Blue Manchu'],1,3.77,179,80,Blue Manchu
The Dark Pictures: Man of Medan,['Supermassive Games'],1,3.46,216,71,Supermassive Games
Call of Duty: Modern Warfare (2019),"['Activision', 'Beenox', 'Infinity Ward']",3,3.74,241,80,Activision
Card Hunter,['Blue Manchu'],1,3.3,80,80,Blue Manchu
Else Heart.Break(),"['El Huervo / Niklas Åkerblad', 'Erik Svedäng', 'Johannes Gotlén', 'Oscar ""Ratvader"" Rydelius', 'Tobias Sjögren', 'Erik Svedäng AB']",6,2.34,44,79,El Huervo / Niklas Åkerblad
Dauntless,"['Phoenix Games', 'ISOLGAMES']",2,3.1,240,78,Phoenix Games
Q.U.B.E. 2,"['Toxic Games', 'Trapped Nerve Games']",2,3.53,102,75,Toxic Games
Axiom Verge,['Thomas Happ Games LLC'],1,3.99,181,80,Thomas Happ Games LLC
Pillars of Eternity II: Deadfire,['Obsidian Entertainment'],1,4.2,168,82,Obsidian Entertainment
Human Resource Machine,"['Experimental Gameplay Group', 'Tomorrow Corporation']",2,3.95,129,78,Experimental Gameplay Group
Phantom Doctrine,"['CreativeForge Games', 'Gambitious', 'Creative Forge Games']",3,3.45,53,71,CreativeForge Games
Devil Daggers,['Sorath'],1,3.84,101,83,Sorath
Heroes of Might & Magic III - HD Edition,"['DotEmu', 'Ubisoft']",2,4.21,202,65,DotEmu
Stories Untold,['No Code'],1,3.88,115,81,No Code
Battleborn,"['2K', 'Gearbox Software']",2,2.76,123,69,2K
The Jackbox Party Pack 2,"['Jackbox Games', 'Jackbox Games, Inc.']",2,4.12,125,76,Jackbox Games
Volume,['Bithell Games'],1,2.93,59,80,Bithell Games
Kona,"['Deep Silver', 'Parabole']",2,3.37,72,73,Deep Silver
This Is the Police 2,"['HandyGames', 'THQ Nordic', 'Weappy Studio', 'Weappy']",4,3.92,109,64,HandyGames
Book of Demons,['Thing Trunk'],1,3.86,89,72,Thing Trunk
Secret World Legends,['Funcom'],1,2.83,75,76,Funcom
Nex Machina,['Housemarque'],1,4.01,101,89,Housemarque
We Happy Few,"['Compulsion Games', 'Gearbox Publishing']",2,3.07,177,64,Compulsion Games
Block N Load,"['Artplant', 'Jagex']",2,2.35,69,72,Artplant
Rising Storm 2: VIETNAM,"['Antimatter Games', 'Tripwire Interactive']",2,3.82,71,81,Antimatter Games
FINAL FANTASY TYPE-0 HD,['Square Enix'],1,3.19,134,69,Square Enix
BattleTech,['Harebrained Schemes'],1,3.64,91,78,Harebrained Schemes
Gravity Rush 2,['Sony Interactive Entertainment'],1,3.95,189,80,Sony Interactive Entertainment
911 Operator,"['Jutsu Games', 'PlayWay', 'Games Operators', 'Games Operators S.A.']",4,3.49,71,68,Jutsu Games
Tumblestone,['The Quantum Astrophysicists Guild'],1,2.56,41,91,The Quantum Astrophysicists Guild
Verdun,"['Blackmill Games', 'M2H']",2,3.47,77,70,Blackmill Games
Do Not Feed the Monkeys,"['Alawar Entertainment', 'Fictiorama Studios']",2,3.79,97,77,Alawar Entertainment
Pathologic 2,['Ice-Pick Lodge'],1,4.01,110,66,Ice-Pick Lodge
GRIP: Combat Racing,"['Caged Element Inc.', 'Wired Productions', 'Caged Element']",3,2.99,92,68,Caged Element Inc.
SUPERHOT VR,"['SUPERHOT Team', 'SUPERHOT Sp. z o.o.']",2,4.37,228,85,SUPERHOT Team
Gigantic,"['Motiga', 'Motiga Inc.']",2,2.85,100,75,Motiga
EA SPORTS UFC 3,['Electronic Arts'],1,3.69,178,76,Electronic Arts
"Cook, Serve, Delicious! 2!!",['Vertigo Gaming'],1,3.55,64,74,Vertigo Gaming
GoNNER,['Art in Heart'],1,3.02,54,81,Art in Heart
The Red Strings Club,['Deconstructeam'],1,4.25,156,80,Deconstructeam
The Descendant,['Gaming Corps AB'],1,2.08,39,59,Gaming Corps AB
Need for Speed Heat,['Ghost Games'],1,3.09,115,73,Ghost Games
Children of Morta,['Dead Mage'],1,4.13,106,80,Dead Mage
Shelter 2,['Might and Delight'],1,3.34,67,58,Might and Delight
Galactic Civilizations III,['Stardock Entertainment'],1,3.55,38,81,Stardock Entertainment
Move or Die,"['Reverb Publishing', 'Those Awesome Guys']",2,3.77,90,80,Reverb Publishing
Wuppo,"['Knuist & Perzik', 'SOEDESCO Publishing', 'Perzik', 'Knuist']",4,3.08,39,80,Knuist & Perzik
Duelyst,['Counterplay Games Inc.'],1,3.36,78,82,Counterplay Games Inc.
Burly Men at Sea,"['Brain&Brain', 'Seaven Studio', 'Brain&Brain LLC', 'Brain & Brain']",4,2.82,154,82,Brain&Brain
Aviary Attorney,['Sketchy Logic'],1,3.48,27,77,Sketchy Logic
Sine Mora EX,"['Digital Reality', 'Gyroscope Games', 'THQ Nordic', 'Grasshopper Manufacture']",4,3.28,46,82,Digital Reality
RUNNING WITH RIFLES,['Osumia Games'],1,3.31,45,78,Osumia Games
SteamWorld Dig 2,"['Image & Form', 'Image and Form', 'Image & Form Games', 'Image', 'Form International AB']",5,4.17,222,88,Image & Form
ACE COMBAT 7: SKIES UNKNOWN,"['BANDAI NAMCO Entertainment America Inc.', 'Project Aces', 'Bandai Namco Entertainment']",3,4.02,132,79,BANDAI NAMCO Entertainment America Inc.
Friday the 13th: The Game,"['GUN MEDIA HOLDINGS, INC', 'IllFonic']",2,3.14,154,61,"GUN MEDIA HOLDINGS, INC"
Seven: The Days Long Gone,"[""Fool's Theory"", 'IMGN.PRO']",2,3.26,49,68,Fool's Theory
World of Warships,"['Lesta Studio', 'Wargaming Group Limited', 'Wargaming.net']",3,3.47,78,81,Lesta Studio
Windward,"['Tasharen Entertainment Inc.', 'Tasharen Entertainment']",2,2.71,45,61,Tasharen Entertainment Inc.
Silence,['Daedalic Entertainment'],1,3.27,33,75,Daedalic Entertainment
Seasons After Fall,"['Focus Home Interactive', 'Swing Swing Submarine']",2,3.29,86,75,Focus Home Interactive
The Jackbox Party Pack 3,"['Jackbox Games', 'Jackbox Games, Inc.']",2,4.19,154,80,Jackbox Games
Crackdown 3,"['Sumo Digital', 'Reagent Games', 'Cloudgine']",3,2.85,193,57,Sumo Digital
Splasher,"['Plug In Digital Ltd', 'Splashteam']",2,3.33,27,79,Plug In Digital Ltd
LEGO Jurassic World,"[""Traveller's Tales"", 'Warner Bros. Interactive', 'Feral Interactive', 'TT Games']",4,3.7,108,72,Traveller's Tales
Scanner Sombre,['Introversion Software'],1,2.91,32,67,Introversion Software
Dex,"['Badland Games, S.L.', 'Dreadlocks Ltd.', 'Dreadlocks Ltd']",3,3.52,78,62,"Badland Games, S.L."
Samorost 3,['Amanita Design'],1,4.13,92,80,Amanita Design
Crazy Machines 3,['Fakt Software'],1,3.05,38,71,Fakt Software
Everything,"[""David O'Reilly"", 'David OReilly']",2,3.7,127,78,David O'Reilly
Bad North,"['Raw Fury', 'Plausible concept']",2,3.63,78,70,Raw Fury
NBA 2K17,"['2K', 'Visual Concepts']",2,3.33,96,90,2K
How to Survive 2,"['505 Games', 'Eko Software']",2,3.05,59,69,505 Games
World War Z (2019),['Saber Interactive'],1,3.47,169,70,Saber Interactive
Battle Chef Brigade,"['Adult Swim', 'Trinket Studios']",2,3.48,60,81,Adult Swim
WildStar,['Carbine Studios'],1,3.24,86,82,Carbine Studios
Blair Witch,['Bloober Team S.A.'],1,3.1,147,65,Bloober Team S.A.
Nova-111,"['Carbon', 'Curve Digital', 'Funktronic Labs']",3,2.4,70,68,Carbon
Fortnite Battle Royale,['Epic Games'],1,3.18,359,82,Epic Games
Project Highrise,"['Kalypso Media', 'SomaSim', 'Kalypso Media Mobile GmbH']",3,3.66,67,73,Kalypso Media
Aragami,"['Lince Works', 'LINCE WORKS S.L.']",2,3.54,107,71,Lince Works
Dandara,"['Raw Fury', 'Long Hat House']",2,3.22,58,75,Raw Fury
Greedfall,['Spiders'],1,3.54,129,74,Spiders
EARTH DEFENSE FORCE 4.1 The Shadow of New Despair,"['SANDLOT', 'XSEED JKS Inc']",2,3.62,70,79,SANDLOT
Distrust,"['Alawar Entertainment', 'Cheerdealers']",2,3.13,60,75,Alawar Entertainment
Thumper,"['Drool', 'Drool LLC']",2,4.21,177,85,Drool
Fire Emblem: Three Houses,"['Intelligent Systems', 'Koei Tecmo']",2,4.36,266,89,Intelligent Systems
Immortal Redneck,"['Crema', 'Crema Games', 'CremaGames S.L']",3,3.6,49,69,Crema
Thimbleweed Park,"['Terrible Toybox', 'Terrible Toybox, Inc.']",2,3.99,150,84,Terrible Toybox
NBA Playgrounds,"['Saber Interactive', 'Mad Dog Games LLC']",2,3.01,69,67,Saber Interactive
War for the Overworld,['Brightrock Games'],1,2.93,38,65,Brightrock Games
Call of Cthulhu,['Cyanide Studio'],1,3.53,154,66,Cyanide Studio
Forza Motorsport 6,['Turn 10 Studios'],1,4.07,117,87,Turn 10 Studios
Beat Cop,"['11 Bit Studios', 'Pixel Crow']",2,3.92,63,71,11 Bit Studios
ELEX,"['Piranha Bytes', 'THQ Nordic']",2,3.35,165,59,Piranha Bytes
Tharsis,['Choice Provisions'],1,2.96,27,61,Choice Provisions
Yakuza Kiwami 2,"['SEGA', 'Ryu ga Gotoku Studio']",2,4.31,156,84,SEGA
Zombie Night Terror,"['NoClip', 'Plug In Digital', 'Good Shepherd Entertainment']",3,3.36,44,81,NoClip
Atlas Reactor,['Trion Worlds'],1,2.98,58,81,Trion Worlds
Agents of Mayhem,"['Deep Silver', 'Volition']",2,2.93,104,70,Deep Silver
The Dwarves,"['KING Art', 'THQ Nordic']",2,3.19,36,61,KING Art
Age of Empires II: Definitive Edition,"['Wicked Witch', 'Tantalus', 'Forgotten Empires']",3,4.17,88,84,Wicked Witch
Monster Prom,['Beautiful Glitch'],1,3.88,70,73,Beautiful Glitch
Total War: WARHAMMER II,['Creative Assembly'],1,4.29,118,86,Creative Assembly
WWE 2K16,"['2K', 'Visual Concepts', ""Yuke's"", ""Yuke's Games""]",4,2.71,95,74,2K
Overture,['Black Shell Games'],1,2.06,18,76,Black Shell Games
Rock of Ages 2: Bigger & Boulder,['ACE Team'],1,3.39,45,77,ACE Team
NBA 2K20,"['2K', 'Visual Concepts']",2,3.17,68,76,2K
State of Mind,['Daedalic Entertainment'],1,3.38,32,68,Daedalic Entertainment
Death's Gambit,"['Adult Swim', 'White Rabbit']",2,3.5,45,72,Adult Swim
CODE VEIN,"['BANDAI NAMCO Entertainment America Inc.', 'Bandai Namco Entertainment']",2,3.67,75,72,BANDAI NAMCO Entertainment America Inc.
UNCHARTED The Nathan Drake Collection,['Bluepoint Games'],1,4.4,310,86,Bluepoint Games
Blackguards 2,"['Daedalic Entertainment', 'Kalypso Media']",2,3.14,28,74,Daedalic Entertainment
The Swindle,"['Curve Digital', 'Size Five Games', 'Dan Marshall']",3,2.91,74,70,Curve Digital
GALAK-Z,['17-BIT'],1,3.14,28,78,17-BIT
Hunt: Showdown,['Crytek'],1,3.75,87,79,Crytek
The Age of Decadence,['Iron Tower Studio'],1,3.9,63,81,Iron Tower Studio
Fran Bow,"['Killmonday Games', 'Killmonday Games AB']",2,4.21,90,70,Killmonday Games
N++ (NPLUSPLUS),['Metanet Software Inc.'],1,4.15,90,90,Metanet Software Inc.
Domina,['DolphinBarn'],1,3.42,66,73,DolphinBarn
Emily is Away Too,['Kyle Seeley'],1,3.96,69,81,Kyle Seeley
Hyperdimension Neptunia Re;Birth1 / 超次次元ゲイム ネプテューヌRe;Birth1,"['COMPILE HEART Co., Ltd.', 'FELISTELLA Co., Ltd.', 'IDEA FACTORY Co., Ltd.']",3,3.39,61,72,"COMPILE HEART Co., Ltd."
The Witcher 3: Game of the Year,['CD PROJEKT RED'],1,4.76,385,92,CD PROJEKT RED
theHunter: Call of the Wild,"['Expansive Worlds', 'Expansive Worlds AB']",2,3.41,81,74,Expansive Worlds
Sudden Strike 4,"['Kalypso Media', 'Kite Games']",2,3.14,28,77,Kalypso Media
Headlander,"['Adult Swim', 'Double Fine Productions']",2,3.41,71,74,Adult Swim
Cat Quest,"['PQUBE LTD', 'The Gentlebros', 'The Gentlebros Pte. Ltd.']",3,3.73,111,77,PQUBE LTD
Mario + Rabbids Kingdom Battle,"['Ubisoft Milan', 'Ubisoft Paris']",2,4.12,247,85,Ubisoft Milan
Oceanhorn: Monster of Uncharted Seas,"['Cornfox & Bros.', 'FDG Entertainment GmbH & Co.KG', 'Bros.', 'Cornfox']",4,3.49,59,74,Cornfox & Bros.
Hidden Agenda,"['PlayStation Mobile Inc.', 'Supermassive Games']",2,3.37,144,66,PlayStation Mobile Inc.
Marvel's Guardians of the Galaxy: The Telltale Series,['Telltale Games'],1,3.46,123,72,Telltale Games
Zero Escape: Zero Time Dilemma,"['Aksys Games', 'Spike Chunsoft Co., Ltd.', 'Spike Chunsoft', 'Chime']",4,4.06,116,78,Aksys Games
Dungeon Fighter Online,['Neople'],1,2.67,45,78,Neople
The Walking Dead: The Final Season,['Telltale Games'],1,4.08,171,78,Telltale Games
MORDHAU,['Triternion'],1,4.03,123,81,Triternion
eFootball PES 2020,['Konami Digital Entertainment'],1,3.35,76,82,Konami Digital Entertainment
F1 2019,['Codemasters'],1,3.95,44,87,Codemasters
Train Valley,"['Alexey Davydov', 'Sergey Dvoynikov', 'Timofey Shargorodskiy']",3,3.37,46,69,Alexey Davydov
INK,"['Digerati Distribution', 'ZackBellGames', 'kittehface', 'Spaceboy']",4,2.97,38,68,Digerati Distribution
Car Mechanic Simulator 2015,"['PlayWay', 'Red Dot Games']",2,3.31,48,68,PlayWay
Goetia,"['Forever Entertainment S.A.', 'Sushee']",2,2.81,15,79,Forever Entertainment S.A.
The Banner Saga 3,"['Stoic', 'Versus Evil']",2,4.21,136,83,Stoic
Viridi,['Ice Water Games'],1,2.93,44,46,Ice Water Games
Pokémon Sword and Shield,['Game Freak'],1,3.75,232,80,Game Freak
Rusty Lake: Roots,"['LoyaltyGame B.V.', 'Rusty Lake']",2,3.86,73,75,LoyaltyGame B.V.
Anna's Quest,['Daedalic Entertainment'],1,3.53,35,74,Daedalic Entertainment
The Crew 2,"['Ubisoft', 'Ivory Tower']",2,3.26,151,66,Ubisoft
Paradigm,['Jacob Janerka'],1,3.31,27,86,Jacob Janerka
The Gardens Between,['The Voxel Agents'],1,3.82,112,79,The Voxel Agents
Audiosurf 2,['Dylan Fitterer'],1,3.82,113,76,Dylan Fitterer
The Swords of Ditto,"['Devolver Digital', 'onebitbeyond', 'Devolver']",3,3.47,56,74,Devolver Digital
Action Henk,"['Curve Digital', 'RageSquid']",2,2.62,29,74,Curve Digital
Steel Rats,['Tate Multimedia'],1,2.97,32,66,Tate Multimedia
Rakuen,['Laura Shigihara'],1,3.18,27,84,Laura Shigihara
The Darkside Detective,['Spooky Doorway'],1,3.41,29,73,Spooky Doorway
Wargroove,['Chucklefish'],1,3.71,134,83,Chucklefish
STRAFE,"['Devolver Digital', 'Pixel Titans', 'Nanovation']",3,2.96,46,66,Devolver Digital
Holy Potatoes! A Weapon Shop?!,"['Daylight Studios', 'Rising Star Games', 'Daylight Studios Pte. Ltd.', 'Daylight Studios Pte Ltd']",4,3.35,30,69,Daylight Studios
LawBreakers,"['Boss Key Productions', 'Nexon America Inc.']",2,2.63,95,77,Boss Key Productions
Luigi's Mansion 3,['Nintendo'],1,4.36,157,86,Nintendo
A Short Hike,['adamgryu'],1,4.39,96,78,adamgryu
Octopath Traveler,"['ACQUIRE Corp.', 'Square Enix']",2,3.84,166,82,ACQUIRE Corp.
The Lion's Song: Episode 1 - Silence,"[""Mi'pu'mi Games"", ""Mi'pu'mi Games GmbH""]",2,3.26,35,78,Mi'pu'mi Games
Supraland,['Supra Games'],1,4.05,42,85,Supra Games
Rain World,"['Adult Swim', 'Videocult']",2,3.8,44,66,Adult Swim
JumpJet Rex,"['LOOT™ Interactive', 'TreeFortress Games']",2,3.07,28,76,LOOT™ Interactive
Total War: ATTILA,['Creative Assembly'],1,4.02,88,80,Creative Assembly
Dropsy,"['A Jolly Corpse', 'Devolver Digital', 'Tendershoot']",3,3.17,36,80,A Jolly Corpse
Rampage Knights,['Rake in Grass'],1,3.63,38,80,Rake in Grass
Pikuniku,"['Alan Zucconi', 'Devolver Digital', 'Arnaud De Bock', 'Rémi Forcadell', 'Calum Bowen']",5,4.03,66,75,Alan Zucconi
Hatred,['Destructive Creations'],1,3.01,81,43,Destructive Creations
Halcyon 6: Starbase Commander,"['Massive Damage, Inc.', 'Massive Damage']",2,2.54,28,71,"Massive Damage, Inc."
Hektor,['Rubycone'],1,2.29,16,55,Rubycone
ADR1FT,"['505 Games', 'THREE ONE ZERO']",2,3.49,57,64,505 Games
Mages of Mystralia,"['Borealys Games', 'Borealys Games Inc.']",2,3.2,15,75,Borealys Games
Horizon Zero Dawn: The Frozen Wilds,['Guerrilla Games'],1,4.49,250,83,Guerrilla Games
NBA 2K19,"['2K', 'Visual Concepts']",2,3.44,152,81,2K
Detention,"['RedCandleGames', 'Coconut Island dba Shanghai Kena Information Technology Co., Ltd']",2,4.05,77,83,RedCandleGames
Forza Motorsport 7,['Turn 10 Studios'],1,4.22,140,84,Turn 10 Studios
She Remembered Caterpillars,"['jumpsuit entertainment UG (haftungsbeschränkt)', 'jumpsuit entertainment UG']",2,3.39,23,82,jumpsuit entertainment UG (haftungsbeschränkt)
BADLAND: Game of the Year Edition,['Frogmind'],1,3.8,55,79,Frogmind
Astral Chain,['Platinum Games'],1,4.32,141,87,Platinum Games
Get Even,"['BANDAI NAMCO Entertainment America Inc.', 'The Farm 51']",2,3.61,62,75,BANDAI NAMCO Entertainment America Inc.
ArcheAge,['XLGAMES'],1,3.07,57,80,XLGAMES
Mushroom 11,['Untame'],1,3.08,24,78,Untame
Event[0],['Ocelot Society'],1,3.52,46,75,Ocelot Society
DISTRAINT: Deluxe Edition,"['Jesse Makkonen', 'Winterveil Studios Oy']",2,2.86,64,73,Jesse Makkonen
Assault Android Cactus,"['Witch Beam', 'Witch Beam Games PTY LTD']",2,3.67,60,79,Witch Beam
The Witcher 3: Wild Hunt - Hearts of Stone,['CD PROJEKT RED'],1,4.74,350,90,CD PROJEKT RED
Brigador,"['Gausswerks', 'Stellar Jockeys']",2,3.16,31,70,Gausswerks
Splatoon 2,['Nintendo'],1,4.24,263,84,Nintendo
Final Fantasy XII: The Zodiac Age,['Square Enix'],1,4.25,111,87,Square Enix
BlazBlue: Chrono Phantasma EXTEND,"['Aksys Games', 'Arc System Works']",2,3.79,28,82,Aksys Games
Bleed 2,"['Digerati Distribution', 'Ian Campbell', 'BOOTDISK REVOLUTION', 'BootdiskRevolution']",4,3.26,21,83,Digerati Distribution
Danganronpa V3: Killing Harmony,"['NIS America Inc.', 'Spike Chunsoft Co., Ltd.']",2,4.31,115,80,NIS America Inc.
Slain: Back from Hell,"['Andrew Gilmour', 'Digerati Distribution', 'Stage Clear Studios']",3,3.44,54,74,Andrew Gilmour
RONIN,"['Devolver Digital', 'Tomasz Wacławek']",2,3.5,35,70,Devolver Digital
Duskers,['Misfits Attic'],1,3.48,19,83,Misfits Attic
Legends of Eisenwald,['Aterdux Entertainment'],1,3.28,32,71,Aterdux Entertainment
APE OUT,"['Devolver Digital', 'Gabe Cuzzillo', 'Gabe Cuzillo']",3,4.08,155,84,Devolver Digital
Lakeview Cabin Collection,['Roope Tamminen'],1,3.0,28,70,Roope Tamminen
Ashen,"['Aurora44', 'A44']",2,3.53,134,77,Aurora44
Dangerous Golf,"['Three Fields Entertainment', 'Three Fields Entertainment LTD']",2,2.97,29,54,Three Fields Entertainment
Citizens of Earth,"['Atlus U.S.A., Inc.', 'Eden Industries']",2,2.75,24,66,"Atlus U.S.A., Inc."
Zero Escape: The Nonary Games,"['Aksys Games', 'Spike Chunsoft Co., Ltd.']",2,4.31,104,86,Aksys Games
Turmoil,"['Gamious', 'Gamious B.V.']",2,3.33,48,73,Gamious
Oh...Sir!! The Insult Simulator,"['Vile Monarch', 'Vile Monarch Sp. z o. o. Sp. k.', 'Good Shepherd Entertainment']",3,3.39,56,64,Vile Monarch
Okhlos: Omega,['Coffee Powered Machine'],1,3.22,18,69,Coffee Powered Machine
Mordheim: City of the Damned,['Rogue Factor'],1,3.07,29,74,Rogue Factor
Bloodstained: Curse of the Moon,['Inti Creates'],1,3.86,117,78,Inti Creates
Trine 4: The Nightmare Prince,['Frozenbyte'],1,4.0,45,80,Frozenbyte
Song of the Deep,"['GameTrust Games', 'Insomniac Games']",2,3.56,41,71,GameTrust Games
Beyond Eyes,"['Tiger and Squid', 'Team17 Digital']",2,2.98,41,60,Tiger and Squid
Odallus: The Dark Call,['JoyMasher'],1,3.59,22,80,JoyMasher
Shiness: The Lightning Kingdom,"['Enigami', 'Focus Home Interactive']",2,2.8,20,68,Enigami
The Witcher 3: Wild Hunt - Blood and Wine,['CD PROJEKT RED'],1,4.73,302,92,CD PROJEKT RED
Homeworld: Deserts of Kharak,"['Blackbird Interactive', 'Gearbox Software']",2,3.96,52,79,Blackbird Interactive
Halo Wars 2,"['Creative Assembly', '343i']",2,3.85,115,79,Creative Assembly
Between Me and The Night,['RainDance LX'],1,2.29,21,62,RainDance LX
Forza Horizon 2 Presents Fast & Furious,"['Sumo Digital', 'Playground Games']",2,3.8,84,61,Sumo Digital
Lumo,"['Rising Star Games', 'Spiral House', 'Triple Eh?']",3,2.57,98,77,Rising Star Games
Deathtrap,['NeoCoreGames'],1,3.03,36,77,NeoCoreGames
A Fistful of Gun,['FarmerGnome'],1,2.33,15,60,FarmerGnome
Maize,['Finish Line Games'],1,2.69,26,65,Finish Line Games
Technobabylon,"['Technocrat Games', 'Wadjet Eye Games LLC', 'Technocrat']",3,4.04,26,82,Technocrat Games
The Warlock of Firetop Mountain,['Tin Man Games'],1,2.95,19,70,Tin Man Games
Whispers of a Machine,"['Clifftop Games', 'Faravid Interactive', 'Raw Fury']",3,3.31,13,77,Clifftop Games
Redout: Lightspeed Edition,"['34BigThings srl', '34BigThings', 'windfallsoft']",3,3.72,39,81,34BigThings srl
They Are Billions,"['BlitWorks', 'Numantian Games']",2,4.1,102,74,BlitWorks
Road to Ballhalla,"['tinyBuild', 'Torched Hill']",2,2.84,19,75,tinyBuild
Observation,"['Devolver Digital', 'No Code']",2,3.94,102,77,Devolver Digital
Pneuma: Breath of Life,"['Bevel Studios', 'Deco Digital', 'DECO DIGITAL LIMITED']",3,2.91,54,63,Bevel Studios
Forts,['EarthWork Games'],1,3.05,21,74,EarthWork Games
Halo Wars: Definitive Edition,"['343 Industries', 'Behaviour Interactive', 'Ensemble Studios']",3,3.74,93,81,343 Industries
Jump Force,"['BANDAI NAMCO Entertainment America Inc.', 'Spike Chunsoft Co., Ltd.', 'SPIKE CHUNSOFT Co.']",3,2.37,92,59,BANDAI NAMCO Entertainment America Inc.
SKYHILL,"['Daedalic Entertainment', 'Mandragora']",2,3.12,42,63,Daedalic Entertainment
Duke Nukem 3D: 20th Anniversary World Tour,"['Gearbox Publishing', 'Gearbox Software']",2,4.15,60,72,Gearbox Publishing
The Technomancer,['Spiders'],1,2.98,81,56,Spiders
Pinstripe,"['Thomas Brush', 'Atmos Games', 'Armor Games Inc.']",3,3.28,46,70,Thomas Brush
WASTED,['Mr. Podunkian'],1,2.27,15,68,Mr. Podunkian
Valhalla Hills,"['Daedalic Entertainment', 'Funatics Software']",2,2.43,23,69,Daedalic Entertainment
The Jackbox Party Pack 4,"['Jackbox Games', 'Jackbox Games, Inc.']",2,4.07,85,78,Jackbox Games
PLANET ALPHA,"['Team17 Digital', 'Planet Alpha ApS']",2,3.43,30,71,Team17 Digital
Age of Wonders: Planetfall,"['Paradox Interactive', 'Triumph Studios']",2,3.68,47,81,Paradox Interactive
FAR: Lone Sails,"['Okomotive', ""Mr. Whale's Game Service"", 'MIXTVISION']",3,4.27,135,84,Okomotive
Day of Infamy,['New World Interactive'],1,3.93,43,77,New World Interactive
Kenshi,['Lo-Fi Games'],1,4.12,57,75,Lo-Fi Games
The Sinking City,['Frogwares'],1,3.23,110,66,Frogwares
Override: Mech City Brawl,"['Modus Games LLC', 'The Balance Inc']",2,3.0,10,64,Modus Games LLC
Darksiders Genesis,['Airship Syndicate'],1,3.65,59,76,Airship Syndicate
OneShot,['Little Cat Feet'],1,4.13,84,84,Little Cat Feet
World to the West,"['Rain AS', 'Rain Games']",2,2.88,16,75,Rain AS
Shantae: Half-Genie Hero,['WayForward Technologies'],1,3.96,92,76,WayForward Technologies
Sayonara Wild Hearts,['Simogo'],1,4.41,124,85,Simogo
Beholder 2,"['Alawar Entertainment', 'Warm Lamp Games']",2,3.77,43,76,Alawar Entertainment
Marvel vs. Capcom: Infinite,"['Capcom', 'Capcom U.S.A., Inc.']",2,3.13,97,73,Capcom
DEADBOLT,"['Code Mystics', 'Hopoo Games, LLC', 'Hopoo Games']",3,3.85,52,76,Code Mystics
"Pokémon Sun, Moon",['Game Freak'],1,3.78,206,87,Game Freak
Yakuza 6: The Song of Life,"['SEGA', 'Ryu ga Gotoku Studio']",2,4.4,96,83,SEGA
The Surge 2,"['Deck13', 'Deck 13', 'Focus Home Interactive', 'Deck 13 Interactive']",4,3.73,50,76,Deck13
Kingdoms and Castles,"['Lion Shield, LLC', 'Lion Shield']",2,3.72,78,72,"Lion Shield, LLC"
UnderRail,['Stygian Software'],1,4.09,30,72,Stygian Software
Xenoblade Chronicles 2,['Monolith Soft'],1,4.29,167,83,Monolith Soft
Decay: The Mare,"['Daedalic Entertainment', 'Shining Gate Software']",2,2.71,21,60,Daedalic Entertainment
Flat Heroes,['Parallel Circles'],1,3.19,31,82,Parallel Circles
Slime-san,['Fabraz'],1,2.81,21,78,Fabraz
ICEY,"['Shanghai FantaBlade Network Technology Co., Ltd.', 'X.D. Network Inc.', 'FantaBlade Network', 'X.D. Network']",4,3.41,63,84,"Shanghai FantaBlade Network Technology Co., Ltd."
Below,['Capybara Games'],1,3.24,105,71,Capybara Games
Catherine: Full Body,"['Atlus', 'SEGA of America, Inc.']",2,4.07,57,82,Atlus
Shadwen,['Frozenbyte'],1,3.04,19,53,Frozenbyte
Space Run Galaxy,['Passtech Games'],1,2.29,14,75,Passtech Games
Guild of Dungeoneering,"['Gambrinous', 'Versus Evil']",2,3.71,33,72,Gambrinous
Five Nights at Freddy's: Sister Location,['Scott Cawthon'],1,2.52,21,62,Scott Cawthon
STASIS,['THE BROTHERHOOD'],1,3.63,40,79,THE BROTHERHOOD
The Little Acre,"['Curve Digital', 'Pewter Games Studios']",2,3.39,28,62,Curve Digital
Hand of Fate 2,['Defiant Development'],1,3.88,73,81,Defiant Development
In Between,"['Gentlymad', 'Headup']",2,2.44,17,68,Gentlymad
Dead Synchronicity: Tomorrow Comes Today,"['Badland Games, S.L.', 'Fictiorama Studios']",2,3.18,33,70,"Badland Games, S.L."
The Messenger (2018),['Sabotage'],1,4.41,127,84,Sabotage
PRO EVOLUTION SOCCER 2019,['Konami Digital Entertainment'],1,3.39,134,80,Konami Digital Entertainment
Monster Hunter World: Iceborne,['Capcom'],1,4.5,63,89,Capcom
Insurgency: Sandstorm,['New World Interactive'],1,3.98,85,78,New World Interactive
Astro Bot: Rescue Mission,"['Sony Interactive Entertainment', 'SIE Japan Studio', 'Japan Studio']",3,4.22,110,90,Sony Interactive Entertainment
The End Is Nigh,"['Edmund McMillen', 'Nicalis', 'Tyler Glaiel']",3,3.77,75,83,Edmund McMillen
Cibele,['Star Maid Games'],1,2.39,31,71,Star Maid Games
Job Simulator,"['Owlchemy Labs', 'OWLCHEMY LABS, INC.']",2,3.92,81,68,Owlchemy Labs
Absolute Drift,"['FlippFly', 'Funselektor Labs Inc.', 'Noodlecake Studios Inc']",3,3.65,34,66,FlippFly
Tokyo 42,"['Mode 7 Limited', 'SMAC Games']",2,3.31,36,71,Mode 7 Limited
Indivisible,['Lab Zero Games'],1,3.45,47,79,Lab Zero Games
Dungeon Souls,"['Lamina Studios', 'Mike Studios']",2,3.04,24,67,Lamina Studios
Diaries of a Spaceport Janitor,"['Sundae Month', 'tinyBuild']",2,3.48,21,69,Sundae Month
The Magic Circle,['Question'],1,3.42,35,79,Question
Death Road to Canada,"['Madgarden', 'Noodlecake Studios Inc', 'Rocketcat Games', 'Rocketcat LLC', 'UKIYO PUBLISHING LIMITED']",5,3.8,44,91,Madgarden
Forgotton Anne,"['Hitcents.com, Inc.', 'Square Enix', 'ThroughLine Games']",3,3.87,58,80,"Hitcents.com, Inc."
Husk,['UndeadScout'],1,2.36,14,44,UndeadScout
Afterparty,['Night School Studio'],1,3.62,47,74,Night School Studio
Pro Evolution Soccer 2018,['Konami Digital Entertainment'],1,3.54,100,84,Konami Digital Entertainment
Blood Bowl 2,['Cyanide Studio'],1,3.3,50,76,Cyanide Studio
Metrico+,['Digital Dreams'],1,2.06,18,66,Digital Dreams
Tom Clancy's Ghost Recon Breakpoint,['Ubisoft'],1,2.48,76,59,Ubisoft
Redeemer,"['Sobaka', 'Sobaka Studio']",2,3.38,32,64,Sobaka
Etherborn,"['Altered Matter', 'ALTERED MATTER GAMES, SL']",2,3.27,11,69,Altered Matter
F1 2018,['Codemasters'],1,3.89,76,84,Codemasters
Master of Orion,['NGD Studios'],1,3.57,54,74,NGD Studios
Strange Brigade,['Rebellion'],1,3.3,83,72,Rebellion
Spintires: MudRunner,"['Focus Home Interactive', 'Saber Interactive']",2,3.97,63,72,Focus Home Interactive
We Are The Dwarves,['Whale Rock Games'],1,2.75,16,60,Whale Rock Games
Trials of the Blood Dragon,"['Redlynx', 'Ubisoft', 'Ubisoft Kiev']",3,3.32,71,54,Redlynx
Chronicle: RuneScape Legends,['Jagex'],1,2.78,27,76,Jagex
Rusty Lake Hotel,"['LoyaltyGame B.V.', 'Rusty Lake']",2,3.93,54,65,LoyaltyGame B.V.
Ninja Senki DX,['Tribute Games Inc.'],1,2.53,53,72,Tribute Games Inc.
Big Pharma,['Twice Circled'],1,3.34,29,72,Twice Circled
Tales of Vesperia: Definitive Edition,"['QLOC', 'Bandai Namco Entertainment']",2,3.37,84,81,QLOC
Hide and Shriek,['Funcom'],1,2.79,24,68,Funcom
BUTCHER,"['CRUNCHING KOALAS SP. Z O.O.', 'Transhuman Design']",2,3.3,20,70,CRUNCHING KOALAS SP. Z O.O.
Hot Tin Roof: The Cat That Wore A Fedora,['Glass Bottom Games'],1,2.0,16,66,Glass Bottom Games
Artifact,['Valve Software'],1,3.04,83,76,Valve Software
Dream Daddy: A Dad Dating Simulator,"['Game Grumps', 'Game Grumps Inc']",2,3.84,56,73,Game Grumps
Shiftlings,"['Activision', 'Rock Pocket Games']",2,2.29,6,70,Activision
Ash of Gods,['AurumDust'],1,3.77,56,65,AurumDust
Pit People,['The Behemoth'],1,3.64,72,78,The Behemoth
POSTAL Redux,['Running With Scissors'],1,3.21,28,54,Running With Scissors
Immortal Planet,['teedoubleuGAMES'],1,2.09,11,65,teedoubleuGAMES
Heat Signature,['Suspicious Developments'],1,4.02,61,79,Suspicious Developments
Super Rude Bear Resurrection,"['Alex Rose', 'VORPAL GAMES LTD']",2,2.42,12,78,Alex Rose
Disgaea PC,"['Nippon Ichi Software, Inc.']",1,4.0,22,74,"Nippon Ichi Software, Inc."
Total War Battles: KINGDOM,"['Creative Assembly', 'SEGA']",2,1.68,19,67,Creative Assembly
"Guns, Gore & Cannoli","['Claeys Brothers', 'Crazy Monkey Studios', 'CRAZY MONKEY STUDIOS BVBA', 'Claeysbrothers']",4,3.79,60,74,Claeys Brothers
The Way,['Puzzling Dream'],1,3.31,24,67,Puzzling Dream
Bomber Crew,"['Curve Digital', 'Runner Duck']",2,3.59,54,75,Curve Digital
Toren,"['Swordtales', 'Versus Evil']",2,2.82,28,57,Swordtales
Chaos Reborn,"['Snapshot Games Inc.', 'Snapshot Games']",2,2.7,10,85,Snapshot Games Inc.
GNOG,"['KO-OP MODE INC.', 'KO_OP']",2,3.89,52,76,KO-OP MODE INC.
Hover: Revolt Of Gamers,"['Fusty Game', 'Midgar Studio', 'Plug In Digital Ltd', 'Playdius']",4,2.93,14,69,Fusty Game
Valkyria Chronicles 4,['SEGA'],1,3.89,47,83,SEGA
Convoy,['Convoy Games'],1,3.29,16,72,Convoy Games
The Deer God,"['Blowfish Studios', 'Cinopt Studios', 'Crescent Moon Games', 'LEVEL 77 PTY LTD', 'Mobot Studios']",5,2.69,29,59,Blowfish Studios
Concrete Jungle,"['ColePowered Games', 'ColePowered Games Ltd.']",2,3.74,19,76,ColePowered Games
Planet of the Eyes,"['Cococucumber', 'Cococucumber Inc']",2,2.42,12,66,Cococucumber
DOOM VFR,"['Bethesda Softworks', 'id Software']",2,3.75,64,70,Bethesda Softworks
Life is Feudal: Your Own,['Bitbox Ltd.'],1,2.75,34,63,Bitbox Ltd.
Florence,"['Annapurna Interactive', 'Studio Mountains', 'Mountains']",3,4.2,128,86,Annapurna Interactive
Outward,"['Deep Silver', 'Nine Dots Studio']",2,3.64,49,65,Deep Silver
Grow Up,"['Ubisoft', 'Ubisoft Reflections']",2,3.8,59,71,Ubisoft
Sea of Solitude,"['Electronic Arts', 'JO-MEI GAMES']",2,3.18,44,68,Electronic Arts
Crashlands,"['Butterscotch Shenanigans', 'Butterscotch Shenanigans, LLC']",2,4.03,30,78,Butterscotch Shenanigans
Lucius II,['Shiver Games'],1,2.69,26,48,Shiver Games
Chuchel,['Amanita Design'],1,3.82,101,80,Amanita Design
The Book of Unwritten Tales 2,"['KING Art Games', 'The Adventure Company']",2,3.08,25,80,KING Art Games
Ninja Pizza Girl,"['Disparity Games', 'Disparity Games Pty. Ltd.']",2,3.15,13,82,Disparity Games
Arizona Sunshine,"['Jaywalkers Interactive', 'Vertigo Games']",2,3.7,37,81,Jaywalkers Interactive
Livelock,"['PERFECT WORLD ENTERTAINMENT INC.', 'Tuque Games']",2,2.86,50,73,PERFECT WORLD ENTERTAINMENT INC.
Katamari Damacy REROLL,"['Monkeycraft', 'MONKEYCRAFT Co. Ltd.']",2,4.3,60,84,Monkeycraft
99Vidas,['QUByte Interactive'],1,3.06,70,69,QUByte Interactive
The Count Lucanor,"['Baroque Decay', 'Merge Games Limited', 'Ratalaika Games']",3,3.88,31,78,Baroque Decay
Rebuild 3: Gangs of Deadsville,"['Northway Games', 'Northway Games Corp.', 'Sarah Northway']",3,3.15,13,75,Northway Games
Bloodsports.TV,"['Fatshark', 'Toadman Interactive']",2,2.0,10,69,Fatshark
Bulb Boy,"['Bulbware', 'Bulbware Sp. z o.o.', 'Daedalic Entertainment']",3,3.2,24,84,Bulbware
HEX: Shards of Fate,['Hex Entertainment'],1,3.26,19,87,Hex Entertainment
BLACKHOLE,['FiolaSoft Studio'],1,2.53,15,82,FiolaSoft Studio
Sniper Ghost Warrior 3 Season Pass Edition,"['CI Games', '4EversGames']",2,3.32,31,57,CI Games
Unbox,['Prospect Games'],1,3.24,17,68,Prospect Games
Flinthook,['Tribute Games Inc.'],1,3.58,32,80,Tribute Games Inc.
Armikrog,"['Pencil Test Studios', 'Versus Evil']",2,3.0,48,57,Pencil Test Studios
Telling Lies,"['Annapurna Interactive', 'Sam Barlow', 'Furious Bee Limited']",3,3.67,40,82,Annapurna Interactive
World War II Online,['Cornered Rat Software'],1,2.24,17,73,Cornered Rat Software
Farming Simulator 17,"['Focus Home Interactive', 'Giants Software']",2,3.76,55,69,Focus Home Interactive
Penarium,"['Self Made Miracle', 'Team17 Digital']",2,3.08,10,80,Self Made Miracle
Spellweaver,['Dream Reactor'],1,2.5,16,63,Dream Reactor
XCOM 2: War of the Chosen,['Firaxis'],1,4.33,150,95,Firaxis
Yesterday Origins,"['Anuman Interactive', 'Microids', 'Pendulo Studios']",3,3.6,25,74,Anuman Interactive
Moss,"['Polyarc, Inc.', 'Polyarc']",2,4.25,51,83,"Polyarc, Inc."
Space Hulk: Deathwing,['Streum On Studio'],1,2.91,30,58,Streum On Studio
HoPiKo,"['Laser Dog', 'Merge Games Limited']",2,2.5,10,82,Laser Dog
The Binding of Isaac: Afterbirth+,['Nicalis'],1,4.35,159,85,Nicalis
Tropico 6,['Limbic Entertainment'],1,3.71,56,77,Limbic Entertainment
Conarium,['Zoetrope Interactive'],1,3.4,33,73,Zoetrope Interactive
Ghostbusters,"['Activision', 'FireForge Games', 'Terminal Reality']",3,3.1,41,33,Activision
Forager,['HopFrog'],1,4.1,61,78,HopFrog
The Bug Butcher,"['Awfully Nice Studios', 'Noodlecake Studios Inc', 'Triangle Studios BV']",3,3.27,26,81,Awfully Nice Studios
Small Radios Big Televisions,"['Adult Swim', 'Fire Face Corporation', 'Owen Deery']",3,2.87,15,67,Adult Swim
The Masterplan,['Shark Punch'],1,3.09,11,68,Shark Punch
Avernum 2: Crystal Souls,['Spiderweb Software'],1,2.12,8,78,Spiderweb Software
The Solus Project,"['Grip Digital S.R.O.', 'Grip Games', 'Hourences', 'Teotl Studios']",4,3.47,30,68,Grip Digital S.R.O.
Order of Battle: World War II,['The Artistocrats'],1,2.22,9,81,The Artistocrats
Draugen,['Red Thread Games'],1,3.58,59,73,Red Thread Games
Anno 1800,['Blue Byte'],1,4.25,72,81,Blue Byte
SWORD ART ONLINE: Fatal Bullet,"['BANDAI NAMCO Entertainment America Inc.', 'DIMPS']",2,3.5,44,66,BANDAI NAMCO Entertainment America Inc.
Sid Meier's Starships,"['2K', 'Firaxis']",2,2.75,16,64,2K
Fe,"['Electronic Arts', 'Zoink!']",2,3.03,75,71,Electronic Arts
Pro Evolution Soccer 2017,['Konami Digital Entertainment'],1,3.66,62,69,Konami Digital Entertainment
Gemini: Heroes Reborn,['Phosphor Games'],1,3.22,8,54,Phosphor Games
Cadence of Hyrule - Crypt of the NecroDancer Featuring the Legend of Zelda,"['Brace Yourself Games', 'Spike Chunsoft Co., Ltd.']",2,4.13,89,85,Brace Yourself Games
Moons of Madness,['Rock Pocket Games'],1,3.47,35,65,Rock Pocket Games
F1 2017,"['Codemasters', 'Feral Interactive']",2,3.92,49,89,Codemasters
NieR:Automata Game of the YoRHa Edition,['Platinum Games'],1,4.14,71,91,Platinum Games
Deliver Us the Moon,['KeokeN Interactive'],1,3.59,57,74,KeokeN Interactive
Subject 13,"['Anuman Interactive', 'Microids', 'Paul Cuisset']",3,3.13,15,59,Anuman Interactive
West of Loathing,['Asymmetric'],1,4.29,71,88,Asymmetric
Madden NFL 18,['Electronic Arts'],1,3.45,65,83,Electronic Arts
Uurnog Uurnlimited,"['Raw Fury', 'Nifflas Games']",2,1.86,7,74,Raw Fury
F1 2016,"['Codemasters', 'Feral Interactive']",2,3.89,37,86,Codemasters
LEGO DC Super-Villains,"[""Traveller's Tales"", 'Warner Bros. Interactive']",2,3.76,44,74,Traveller's Tales
Oh...Sir! Prototype,['Vile Monarch'],1,2.43,14,64,Vile Monarch
Monument Valley 2,['ustwo games'],1,4.34,125,85,ustwo games
Dicey Dungeons,"['Terry Cavanagh', 'chipzel', 'Marlowe Dobbe']",3,4.3,33,80,Terry Cavanagh
Candle: The Power of the Flame,"['Merge Games Limited', 'Teku Studios']",2,3.44,18,80,Merge Games Limited
Bedlam,"['RedBedlam', 'Vision Games Publishing']",2,2.63,19,54,RedBedlam
Aurion: Legacy of the Kori-Odan,"[""Kiro'o Games"", 'Playdius']",2,1.5,6,69,Kiro'o Games
Concrete Genie,['Pixelopus'],1,3.84,31,75,Pixelopus
Loot Rascals,"['Hollow Ponds', 'Hollow Ponds Games Ltd']",2,2.46,13,71,Hollow Ponds
Sorcery! Parts 1 and 2,['inkle Ltd'],1,3.09,11,69,inkle Ltd
Generation Zero (2019),['Avalanche Studios'],1,2.3,43,49,Avalanche Studios
The Curious Expedition,['Maschinen-Mensch'],1,4.23,26,74,Maschinen-Mensch
Cradle,['Flying Cafe for Semianimals'],1,3.83,46,65,Flying Cafe for Semianimals
Yoshi's Crafted World,['Good-Feel'],1,3.71,66,79,Good-Feel
Yuppie Psycho,['Baroque Decay'],1,4.31,31,81,Baroque Decay
Nidhogg 2,['Messhof'],1,3.91,65,80,Messhof
Party Hard 2,"['Kverta', 'Pinokl Games']",2,3.46,25,74,Kverta
Ion Fury,"['Voidpoint', 'Voidpoint, LLC']",2,4.23,42,78,Voidpoint
Dead Effect 2,"['App Holdings', 'BadFly Interactive', 'BadFly Interactive, a.s.']",3,2.92,26,53,App Holdings
The Escapists: The Walking Dead,['Team17 Digital'],1,2.71,31,66,Team17 Digital
Last Word,['Twelve Tiles'],1,3.57,7,67,Twelve Tiles
The Park,"['Funcom', 'Funcom Oslo A/S']",2,3.1,41,67,Funcom
Deltarune (Chapter 1),"['Toby Fox', '8-4']",2,4.37,138,81,Toby Fox
Blues and Bullets,['A Crowd of Monsters'],1,3.37,26,73,A Crowd of Monsters
The Last Door: Season 2 - Collector's Edition,"['Phoenix Online Studios', 'The Game Kitchen']",2,3.27,15,85,Phoenix Online Studios
Pirate Pop Plus,['dadako'],1,1.67,6,65,dadako
A Normal Lost Phone,"['Accidental Queens', 'Plug In Digital', 'Seaven Studio', 'Playdius', 'Dear Villagers']",5,3.56,39,71,Accidental Queens
Hatsune Miku: Project DIVA Future Tone,['SEGA'],1,3.56,62,84,SEGA
Trials Rising,"['Redlynx', 'Ubisoft']",2,3.73,60,81,Redlynx
"Warhammer 40,000: Regicide","['Hammerfall Publishing', 'Hammerfall Publishing Global']",2,3.21,22,72,Hammerfall Publishing
Transport Fever,"['Urban Games', 'Good Shepherd Entertainment']",2,3.85,40,71,Urban Games
FRAMED Collection,['Loveshack Entertainment'],1,4.05,19,79,Loveshack Entertainment
Five Nights at Freddy's 3,['Scott Cawthon'],1,2.7,40,68,Scott Cawthon
Out of the Park Baseball 17,['Out of the Park Developments'],1,2.9,10,92,Out of the Park Developments
You Must Build A Boat,"['EightyEightGames', 'EightyEight Games LTD', 'EightyEight Games', 'LucaRedwood']",4,3.57,30,71,EightyEightGames
Thea: The Awakening,"['MuHa Games', 'Tactile Fusion Ltd']",2,3.41,22,73,MuHa Games
Layers of Fear 2,"['GUN MEDIA HOLDINGS, INC', 'Bloober Team S.A.']",2,3.25,57,67,"GUN MEDIA HOLDINGS, INC"
Dyscourse,['Owlchemy Labs'],1,3.07,14,71,Owlchemy Labs
Tormentum - Dark Sorrow,['OhNoo Studio'],1,3.89,34,72,OhNoo Studio
Battle Brothers,['Overhype Studios'],1,4.0,49,80,Overhype Studios
ZHEROS,['Rimlight Studios'],1,2.54,28,58,Rimlight Studios
WWE 2K17,"['2K', 'Visual Concepts', ""Yuke's Co., LTD"", 'Yukes Games']",4,3.09,45,61,2K
Sword Coast Legends,"['Digital Extremes', 'n-Space']",2,3.22,23,61,Digital Extremes
Bounty Train,['Corbie Games'],1,3.0,16,66,Corbie Games
Extreme Exorcism,['Golden Ruby Games'],1,2.79,42,75,Golden Ruby Games
Zenith,"['Badland Games, S.L.', 'Infinigon']",2,2.75,16,57,"Badland Games, S.L."
EA SPORTS NHL 17,['Electronic Arts'],1,3.42,52,78,Electronic Arts
Muse Dash,"['X.D. Network Inc.', 'PeroPeroGames', 'X.D. Network']",3,3.88,25,73,X.D. Network Inc.
Anno 2205,['Blue Byte'],1,3.81,62,72,Blue Byte
The Silver Case,"['AGM PLAYISM', 'NIS America Inc.', 'Grasshopper Manufacture']",3,3.62,21,67,AGM PLAYISM
Expeditions: Viking,['Logic Artists'],1,3.84,30,74,Logic Artists
On Rusty Trails,"['Black Pants Studio', 'Black Pants Studio GmbH']",2,2.57,7,77,Black Pants Studio
Green Hell,['Creepy Jar'],1,3.58,24,77,Creepy Jar
1979 Revolution: Black Friday,"['Digerati Distribution', 'iNK Stories', 'N-Fusion Interactive']",3,3.52,27,80,Digerati Distribution
Kingdom: Two Crowns,"['Coatsink', 'Noio', 'Raw Fury']",3,4.13,62,84,Coatsink
Cosmic Star Heroine,['Zeboyd Games'],1,3.34,31,77,Zeboyd Games
Zombie Vikings,['Zoink!'],1,2.95,22,74,Zoink!
FORCED SHOWDOWN,['BetaDwarf'],1,3.36,14,67,BetaDwarf
Dream,['HyperSloth'],1,2.33,12,59,HyperSloth
Venetica - Gold Edition,['Deck13'],1,3.67,9,61,Deck13
The Bunker,"['Channel 4', 'Splendy Interactive', 'Wales Interactive', 'Splendy Games']",4,3.23,40,57,Channel 4
Skyshine's BEDLAM,['Skyshine Games'],1,3.04,25,67,Skyshine Games
Downfall,['Harvester Games'],1,4.22,32,75,Harvester Games
Frozen Cortex,['Mode 7'],1,2.86,7,79,Mode 7
Trover saves the Universe,"['Squanchtendo', 'Squanch Games', 'Squanch Games, Inc.', 'Squanch Games, LLC (AKA  Squanchtendo, LLC )']",4,4.06,35,77,Squanchtendo
Impact Winter,"['BANDAI NAMCO Entertainment America Inc.', 'Mojo Bones']",2,2.6,10,62,BANDAI NAMCO Entertainment America Inc.
Monster Slayers,"['Digerati Distribution', 'Nerdook Productions']",2,3.5,8,86,Digerati Distribution
Planetbase,"['Madruga Works', 'Madruga Works Limited']",2,3.52,29,70,Madruga Works
Shadows: Awakening,"['Games Farm', 'Kalypso Media', 'Games Farm s.r.o.']",3,3.55,28,73,Games Farm
Seraph,"['Dreadbit', 'Dreadbit Ltd']",2,2.86,14,80,Dreadbit
Rez Infinite,"['Enhance Games', 'Monstars Inc.', 'Resonair']",3,4.3,54,91,Enhance Games
The Elder Scrolls V: Skyrim VR,['Bethesda Game Studios'],1,3.75,36,79,Bethesda Game Studios
Football Manager 2019,['Sports Interactive'],1,4.12,77,86,Sports Interactive
Football Manager 2018,['Sports Interactive'],1,4.0,73,81,Sports Interactive
Mega Man X Legacy Collection,"['Capcom', 'Capcom U.S.A., Inc.']",2,4.0,28,86,Capcom
The Long Journey Home,"['Daedalic Entertainment', 'Daedalic Studio West']",2,2.9,8,68,Daedalic Entertainment
Mario Tennis Aces,"['Nintendo', 'Camelot']",2,3.75,87,75,Nintendo
Youtubers Life,['U-Play Online'],1,2.82,38,63,U-Play Online
Total Annihilation,['Cavedog Entertainment'],1,4.36,32,86,Cavedog Entertainment
NeverEnd,"['Duck', 'Evgeniy Kolpakov t/a Sometimes You']",2,2.0,9,44,Duck
Sunless Skies,['Failbetter Games'],1,4.1,21,87,Failbetter Games
Battlefleet Gothic: Armada,['Tindalos Interactive'],1,3.86,21,77,Tindalos Interactive
Aporia: Beyond The Valley,['Investigate North'],1,2.91,11,71,Investigate North
Through the Woods,"['Antagonist', '1C Publishing EU s.r.o.']",2,3.05,19,63,Antagonist
EA SPORTS NHL 18,['Electronic Arts'],1,3.48,50,76,Electronic Arts
I Expect You To Die,"['Schell Games', 'Schell Games LLC']",2,4.4,42,76,Schell Games
Judgment (2019),['Ryu ga Gotoku Studio'],1,4.29,32,80,Ryu ga Gotoku Studio
Dungelot: Shattered Lands,"['Red Winter Software', 'tinyBuild']",2,3.47,19,78,Red Winter Software
Persona 5: Dancing in Starlight,"['Atlus U.S.A., Inc.', 'P Studio']",2,3.88,48,72,"Atlus U.S.A., Inc."
Omensight,['Spearhead Games'],1,3.62,23,75,Spearhead Games
CLANNAD,"['VisualArts/Key', 'PROTOTYPE CO., LTD.']",2,4.54,24,83,VisualArts/Key
Mainlining,['Rebelephant'],1,3.5,10,73,Rebelephant
Kingsway,['Andrew Morrish'],1,3.71,15,79,Andrew Morrish
Yonder: The Cloud Catcher Chronicles,['Prideful Sloth'],1,3.51,34,70,Prideful Sloth
Imperator: Rome,['Paradox Development Studio'],1,3.38,37,76,Paradox Development Studio
Woolfe - The Red Hood Diaries,['GRIN'],1,3.15,20,55,GRIN
The Jackbox Party Pack 6,"['Jackbox Games', 'Jackbox Games, Inc.']",2,4.13,23,75,Jackbox Games
Scrap Garden,"['Alexey Davydov', 'Egidijus Bachur']",2,2.12,8,58,Alexey Davydov
Metroid: Samus Returns,"['Nintendo', 'MercurySteam Entertainment', 'MercurySteam Entertainment / Nintendo']",3,4.31,70,88,Nintendo
Albert and Otto,"['Digerati Distribution', 'K Bros Games', 'Mokuni LLC', 'K Bros Entertainment LLC']",4,3.43,6,69,Digerati Distribution
Shadow Blade: Reload,"['Crescent Moon Games', 'Dead Mage', 'Dead Mage Inc']",3,3.3,10,70,Crescent Moon Games
Close To The Sun,['Storm in a Teacup'],1,3.57,32,66,Storm in a Teacup
VoidExpanse,['AtomicTorch Studio'],1,3.0,11,59,AtomicTorch Studio
Wheels of Aurelia,"['MixedBag', 'Santa Ragione', 'Santa Ragione s.r.l.', 'Santa Ragione Srl']",4,3.11,28,63,MixedBag
God Eater 3,"['BANDAI NAMCO Entertainment America Inc.', 'Marvelous Inc.', 'Bandai Namco Entertainment']",3,3.53,30,72,BANDAI NAMCO Entertainment America Inc.
Rogue Stormers,"['Black Forest Games', 'Black Forest Games GmbH']",2,3.0,10,68,Black Forest Games
Blacksad: Under the Skin,"['Pendulo Studios', 'YS Interactive']",2,3.79,36,61,Pendulo Studios
Dragon Saga,['Gravity Interactive'],1,3.41,17,65,Gravity Interactive
Terminator: Resistance,['Teyon'],1,3.17,34,54,Teyon
Super Cloudbuilt,"['Coilworks', 'Coilworks, Double Eleven', 'Double Eleven']",3,3.4,9,76,Coilworks
Three Fourths Home: Extended Edition,['[bracket]games'],1,3.42,19,77,[bracket]games
NEON STRUCT,['Minor Key Games'],1,3.11,9,62,Minor Key Games
Stephen's Sausage Roll,['increpare games'],1,4.07,15,90,increpare games
One Finger Death Punch 2,['Silver Dollar Games'],1,3.93,15,81,Silver Dollar Games
RAD,"['BANDAI NAMCO Entertainment America Inc.', 'Double Fine Productions']",2,3.33,27,72,BANDAI NAMCO Entertainment America Inc.
Star Trek: Bridge Crew,['Ubisoft'],1,3.88,25,75,Ubisoft
Magnetic: Cage Closed,['Guru Games'],1,3.0,6,61,Guru Games
Super Mario Maker,['Nintendo'],1,4.21,88,80,Nintendo
ANCESTORS: The Humankind Odyssey,['Panache Digital Games'],1,2.8,48,69,Panache Digital Games
NBA LIVE 19,['Electronic Arts Tiburon'],1,3.08,37,74,Electronic Arts Tiburon
MISSING: An Interactive Thriller - Episode One,['Zandel Media'],1,3.31,13,63,Zandel Media
Timespinner,"['Lunar Ray Games', 'LUNAR RAY GAMES LLC']",2,4.08,38,78,Lunar Ray Games
SINNER: Sacrifice for Redemption,"['Dark Star', 'ANOTHER INDIE STUDIO LIMITED']",2,3.03,29,61,Dark Star
ARMS,['Nintendo'],1,3.63,87,77,Nintendo
Legend of Kay Anniversary,"['Kaiko', 'Neon Studios', 'THQ Nordic']",3,3.29,31,64,Kaiko
Block'hood,['Plethora-Project LLC'],1,3.71,17,77,Plethora-Project LLC
BlazBlue: Central Fiction,"['Aksys Games', 'Arc System Works']",2,3.95,21,85,Aksys Games
STAR OCEAN: INTEGRITY AND FAITHLESSNESS,['Square Enix'],1,3.38,31,58,Square Enix
Fallout 4 VR,['Bethesda Game Studios'],1,3.52,21,78,Bethesda Game Studios
White Night,"['Activision', 'OSome Studio']",2,3.42,19,68,Activision
Football Manager 2020 Touch,['Sports Interactive'],1,3.33,9,71,Sports Interactive
"That Dragon, Cancer",['Numinous Games'],1,3.65,26,78,Numinous Games
CRYPTARK,"['Alientrap', 'Alientrap Games Inc', 'Alientrap Games']",3,3.85,12,80,Alientrap
Soul Axiom,"['Wales Interactive', 'Wales Interactive Ltd.']",2,3.17,6,57,Wales Interactive
There Came an Echo,"['Iridium Studios', 'IRIDIUM STUDIOS LLC']",2,2.86,7,58,Iridium Studios
Ember,"['505 Games', 'N-Fusion Interactive']",2,3.12,7,70,505 Games
Five Nights at Freddy's 4,['Scott Cawthon'],1,2.59,29,51,Scott Cawthon
Budget Cuts,['Neat Corporation'],1,4.15,13,76,Neat Corporation
Diluvion,['Arachnid Games'],1,3.0,8,66,Arachnid Games
Chime Sharp,"['Chilled Mouse Ltd', 'Ste Curran', 'Twistplay', 'Chilled Mouse']",4,3.22,9,85,Chilled Mouse Ltd
Citadel: Forged with Fire,"['Blue Isle Studios', 'Virtual Basement LLC']",2,3.13,15,68,Blue Isle Studios
Quadrilateral Cowboy,['Blendo Games'],1,4.17,24,81,Blendo Games
FlatOut 4: Total Insanity,"['Kylotonn Entertainment', 'Sidewalk Games, LLC']",2,3.19,21,52,Kylotonn Entertainment
Superliminal,['Pillow Castle'],1,4.16,46,74,Pillow Castle
Kelvin and the Infamous Machine,['Blyts'],1,3.38,13,79,Blyts
Overfall,['Pera Games'],1,3.33,6,71,Pera Games
Out of the Park Baseball 18,['Out of the Park Developments'],1,4.36,11,86,Out of the Park Developments
Disgaea 2 PC,"['Nippon Ichi Software, Inc.']",1,4.33,15,81,"Nippon Ichi Software, Inc."
WRC 6 FIA World Rally Championship,['Kylotonn Entertainment'],1,2.87,30,68,Kylotonn Entertainment
Aven Colony,"['Mothership Entertainment LLC', 'Team17 Digital', 'Mothership Entertainment']",3,3.54,23,65,Mothership Entertainment LLC
Fire Emblem Fates: Birthright,['Intelligent Systems'],1,3.7,74,86,Intelligent Systems
The Next Penelope,"['Aurelien Regard', 'Seaven Studio', 'Aurélien REGARD']",3,3.29,7,82,Aurelien Regard
My Memory of Us,"['Crunching Koalas', 'IMAGINATION S.C.', 'Juggler Games']",3,3.75,12,70,Crunching Koalas
The Charnel House Trilogy,['Owl Cave'],1,3.5,10,68,Owl Cave
8-Bit Armies,"['Petroglyph', 'SOEDESCO Publishing', 'Petroglyph Games']",3,3.43,14,69,Petroglyph
NARUTO TO BORUTO: SHINOBI STRIKER,"['BANDAI NAMCO Entertainment America Inc.', 'Soleil Ltd.']",2,3.04,28,62,BANDAI NAMCO Entertainment America Inc.
Atelier Sophie: The Alchemist of the Mysterious Book,"['KOEI TECMO America', 'Koei Tecmo']",2,3.92,24,73,KOEI TECMO America
Shu,"['Coatsink', 'Coatsink Software Ltd', 'Secret Lunch', 'Coatsink Software']",4,3.12,8,85,Coatsink
The Metronomicon: Slay the Dance Floor,"['Akupara Games', 'Puuba', 'Akupara Games, LLC']",3,3.08,13,79,Akupara Games
Cat Quest II,['The Gentlebros'],1,3.82,28,77,The Gentlebros
Dawn of Man,['Madruga Works'],1,3.5,32,74,Madruga Works
Good Robot,['Pyrodactyl'],1,3.33,5,67,Pyrodactyl
Tokyo Xanadu eX+,"['Aksys Games', 'Nihon Falcom Corporation']",2,3.57,23,75,Aksys Games
Calvino Noir,"['Calvino Noir Limited', 'Calvino Noir Ltd']",2,3.5,8,55,Calvino Noir Limited
Starlink: Battle for Atlas,['Ubisoft Toronto'],1,3.86,26,74,Ubisoft Toronto
SpongeBob SquarePants: Battle for Bikini Bottom - Rehydrated,['Purple Lamp Studios'],1,3.45,19,70,Purple Lamp Studios
The Fidelio Incident,"['Act 3 Games, LLC']",1,3.32,18,69,"Act 3 Games, LLC"
Steel Division: Normandy 44,['Eugen Systems'],1,3.93,15,83,Eugen Systems
Persona 3: Dancing in Moonlight,"['Atlus U.S.A., Inc.', 'P Studio']",2,3.92,36,73,"Atlus U.S.A., Inc."
Perception,"['The Deep End Games', 'WFH GAMES SP. Z O.O.']",2,3.54,13,56,The Deep End Games
Pilgrims,['Amanita Design'],1,3.93,45,78,Amanita Design
Splendor,"['Asmodee Digital', 'Days of Wonder', 'Plug In Digital']",3,3.83,5,76,Asmodee Digital
Monster Boy and the Cursed Kingdom,"['FDG Entertainment GmbH & Co.KG', 'Game Atelier']",2,3.91,34,85,FDG Entertainment GmbH & Co.KG
Valfaris,['Steel Mantis'],1,3.62,24,81,Steel Mantis
American Fugitive,['Fallen Tree Games'],1,3.05,22,66,Fallen Tree Games
428: Shibuya Scramble,"['Abstraction Games', 'Spike Chunsoft Co., Ltd.', 'Spike Chunsoft, Inc.']",3,4.47,19,85,Abstraction Games
Phoning Home,['ION LANDS'],1,2.73,11,61,ION LANDS
Space Colony,['FireFly Studios'],1,4.38,8,74,FireFly Studios
AKIBA'S TRIP: Undead ＆ Undressed,"['ACQUIRE Corp.', 'XSEED JKS Inc']",2,3.3,20,59,ACQUIRE Corp.
Reventure,['Pixelatto'],1,4.0,18,83,Pixelatto
STEINS;GATE ELITE,['MAGES. Inc.'],1,4.35,20,86,MAGES. Inc.
Realpolitiks,['Jujubee S.A.'],1,3.29,14,55,Jujubee S.A.
STEINS;GATE 0,"['5pb.', 'Nitroplus']",2,4.05,37,81,5pb.
Dark Devotion,['Hibernian Workshop'],1,3.36,21,70,Hibernian Workshop
Crookz - The Big Heist,"['Kalypso Media', 'Skilltree Studios']",2,3.0,7,74,Kalypso Media
Audioshield,['Dylan Fitterer'],1,3.83,12,81,Dylan Fitterer
The Franz Kafka Videogame,['Denis Galanin (mif2000)'],1,3.43,20,65,Denis Galanin (mif2000)
Lethis - Path of Progress,"['Triskell Interactive', 'Triskell Interactice', 'Triskell-Interactive']",3,3.41,17,65,Triskell Interactive
Nights of Azure,"['KOEI TECMO America', 'Koei Tecmo']",2,3.4,20,64,KOEI TECMO America
Hatoful Boyfriend: Holiday Star,"['Devolver Digital', 'Mediatonic', 'The Irregular Corporation']",3,3.78,9,54,Devolver Digital
Fire Emblem Echoes: Shadows of Valentia,"['Intelligent Systems', '8-4']",2,4.32,49,81,Intelligent Systems
DESYNC,['The Foregone Syndicate'],1,4.0,6,69,The Foregone Syndicate
Crashday Redline Edition,['Moonbyte'],1,3.5,20,63,Moonbyte
Children of Zodiarcs,"['Cardboard Utopia', 'Square Enix']",2,3.42,11,81,Cardboard Utopia
Bombshell,"['Interceptor Entertainment', 'Denki Gaka']",2,2.6,9,43,Interceptor Entertainment
WHAT THE GOLF?,['Triband'],1,4.19,56,82,Triband
Shardlight,"['Wadjet Eye Games', 'Wadjet Eye Games LLC']",2,3.94,16,75,Wadjet Eye Games
Castle In The Darkness,"['Matt Kap', 'Nicalis']",2,3.25,12,76,Matt Kap
LA Cops,"['Modern Dream', 'Team17 Digital']",2,2.83,12,45,Modern Dream
Unruly Heroes,"['Magic Design Studios', 'MAGIC DESIGN STUDIOS SAS']",2,3.65,25,78,Magic Design Studios
Star Control: Origins,['Stardock Entertainment'],1,3.0,11,75,Stardock Entertainment
Ring Fit Adventure,['Nintendo'],1,4.33,39,83,Nintendo
Grandia II Anniversary Edition,"['GAME ARTS Co., Ltd.']",1,3.73,15,80,"GAME ARTS Co., Ltd."
Bohemian Killing,['The Moonwalls'],1,3.17,6,55,The Moonwalls
The Hong Kong Massacre,"['VRESKI', 'Vreski AB']",2,3.42,26,70,VRESKI
Cities XXL,['Focus Home Interactive'],1,3.54,13,47,Focus Home Interactive
Police Stories,"['Morgan Games', 'Mighty Morgan']",2,3.21,19,75,Morgan Games
Batman: Return to Arkham,['Warner Bros. Interactive'],1,4.42,50,75,Warner Bros. Interactive
Fire Emblem Fates: Conquest,['Intelligent Systems'],1,3.71,57,87,Intelligent Systems
OVIVO,"['Sometimes You', 'IzHard', 'Evgeniy Kolpakov t/a Sometimes You', 'Alex Vilassak']",4,3.91,11,71,Sometimes You
Starpoint Gemini Warlords,['Little Green Men Games'],1,2.33,9,74,Little Green Men Games
The Guest,['Team Gotham'],1,3.67,9,68,Team Gotham
Planar Conquest,"['Shortbreak Studios', 'Wastelands Interactive']",2,2.71,7,53,Shortbreak Studios
Attack on Titan 2,"['KOEI TECMO America', 'Koei Tecmo']",2,3.86,28,75,KOEI TECMO America
Splatoon,['Nintendo'],1,4.08,59,81,Nintendo
Immortal: Unchained,"['Toadman Interactive', 'SOLD OUT SALES & MARKETING LIMITED']",2,3.04,23,54,Toadman Interactive
7th Sector,['Носков Сергей'],1,3.92,13,74,Носков Сергей
Has-Been Heroes,"['Frozenbyte', 'GameTrust Games']",2,3.57,7,63,Frozenbyte
The Legend of Heroes: Trails in the Sky SC,"['Nihon Falcom', 'Nihon Falcom Corporation']",2,4.41,27,80,Nihon Falcom
Anarchy Online,['Funcom'],1,3.38,8,72,Funcom
DreamBreak,"['Aist', 'Digerati Distribution']",2,1.73,11,46,Aist
The Occupation,"['White Paper Games', 'Humble Bundle, Inc.']",2,3.33,18,66,White Paper Games
INSOMNIA: The Ark,['Mono Studio'],1,3.76,21,54,Mono Studio
Daymare: 1998,['Invader Studios'],1,2.11,16,61,Invader Studios
Sky: Children of the Light,['thatgamecompany'],1,4.15,39,81,thatgamecompany
Feudal Alloy,"['Lukas Navratil', 'Eva Balikova', 'Attu Games', 'ATTU GAMES S.R.O.']",4,3.5,14,76,Lukas Navratil
Animal Crossing: Pocket Camp,['Nintendo'],1,2.86,70,72,Nintendo
House of the Dying Sun,"['Marauder Interactive, LLC']",1,3.8,9,76,"Marauder Interactive, LLC"
Eagle Flight,"['Ubisoft', 'Ubisoft Montreal']",2,3.15,20,74,Ubisoft
Xenoblade Chronicles X,"['Monolith Soft', '8-4', 'Kusanagi']",3,4.29,43,84,Monolith Soft
Blackwood Crossing,"['PaperSeven LTD', 'Vision Games Publishing']",2,3.39,18,70,PaperSeven LTD
Project Hospital,['Oxymoron Games'],1,3.82,16,75,Oxymoron Games
TurnOn,['Brainy Studio LLC'],1,2.89,8,67,Brainy Studio LLC
WORLD OF WARSHIPS: LEGENDS,['Wargaming.net'],1,3.5,8,82,Wargaming.net
Sniper Ghost Warrior Contracts,['CI Games'],1,3.29,21,57,CI Games
Transport Fever 2,['Urban Games'],1,4.0,10,76,Urban Games
Battlefleet Gothic: Armada 2,['Tindalos Interactive'],1,3.76,17,77,Tindalos Interactive
0RBITALIS,['Alan Zucconi'],1,3.0,6,73,Alan Zucconi
Mosaic,['Krillbite Studio'],1,3.75,20,67,Krillbite Studio
Knights And Bikes,['Foam Sword'],1,3.36,14,80,Foam Sword
Fist of The North Star: Lost Paradise,"['SEGA', 'Ryu ga Gotoku Studio']",2,4.09,22,72,SEGA
Antihero,"['Tim Conkling', 'Versus Evil']",2,3.44,18,81,Tim Conkling
The Lord of the Rings Living Card Game,['Fantasy Flight Interactive'],1,2.67,6,75,Fantasy Flight Interactive
Narcosis,"['Honor Code, Inc.']",1,3.0,7,72,"Honor Code, Inc."
Oninaki,['Tokyo RPG Factory'],1,2.83,12,70,Tokyo RPG Factory
Fire,['Daedalic Entertainment'],1,3.0,11,64,Daedalic Entertainment
Sunset,['Tale of Tales'],1,3.56,9,66,Tale of Tales
Leap of Fate,"['Clever-Plays', 'Clever-Plays Studio, Inc.']",2,3.3,9,80,Clever-Plays
Mega Man X Legacy Collection 2,"['Capcom', 'Capcom U.S.A., Inc.']",2,3.95,20,62,Capcom
Goliath,"['Whalebox Studio', 'Whalebox']",2,3.1,10,57,Whalebox Studio
The World Ends with You: Final Remix,['Square Enix'],1,3.41,17,77,Square Enix
Fire Emblem Fates: Revelation,['Intelligent Systems'],1,3.64,43,88,Intelligent Systems
LEFT ALIVE,['Square Enix'],1,2.27,15,38,Square Enix
Grand Ages: Medieval,"['Gaming Minds Studios', 'Kalypso Media']",2,3.2,10,63,Gaming Minds Studios
Fade to Silence,"['Black Forest Games', 'THQ Nordic']",2,3.29,17,56,Black Forest Games
MLB The Show 17,['Sony Interactive Entertainment'],1,4.05,22,85,Sony Interactive Entertainment
Leaving Lyndow,['Eastshade Studios LLC'],1,2.36,11,74,Eastshade Studios LLC
Lemma,['Evan Todd'],1,3.86,7,73,Evan Todd
Alone With You,['Benjamin Rivers Inc.'],1,3.17,12,75,Benjamin Rivers Inc.
"Warhammer 40,000: Sanctus Reach",['Straylight Entertainment'],1,2.7,10,68,Straylight Entertainment
Use Your Words,"['Smiling Buddha Games, LLC', 'Smiling Buddha Games']",2,3.67,15,74,"Smiling Buddha Games, LLC"
Splatoon 2: Octo Expansion,['Nintendo'],1,4.65,43,82,Nintendo
StarDrive 2,['Zero Sum Games'],1,3.33,6,70,Zero Sum Games
Quern - Undying Thoughts,['Zadbox Entertainment'],1,3.88,7,83,Zadbox Entertainment
Alwa's Awakening,"['Elden Pixels', 'Elden Pixels Ek. För.']",2,3.33,8,71,Elden Pixels
Fire Emblem Warriors,['Koei Tecmo'],1,3.61,36,72,Koei Tecmo
The Fall Part 2: Unbound,"['Over The Moon', 'Over The Moon Games', 'Over The Moon Games Inc.']",3,4.0,10,72,Over The Moon
Cobalt,"['Oxeye Game Studio', 'Oxeye Game Studio AB']",2,3.08,11,69,Oxeye Game Studio
Prey - Mooncrash,['Arkane Studios'],1,3.44,25,80,Arkane Studios
Don't open the doors!,['Anton Riot'],1,3.75,8,68,Anton Riot
Battlezone,"['Rebellion', 'Stainless Games']",2,2.9,10,66,Rebellion
X4: Foundations,['Egosoft'],1,3.89,18,59,Egosoft
Vane,"['Friend & Foe', 'Friend & Foe AB', 'Friend & Foe Games']",3,3.25,16,56,Friend & Foe
Destiny 2: Shadowkeep,"['Bungie, Inc.']",1,3.57,28,75,"Bungie, Inc."
The Blackout Club,['Question'],1,3.38,13,68,Question
Ladykiller in a Bind,['Love Conquers All Games'],1,3.81,16,73,Love Conquers All Games
DEAD OR ALIVE 6: Core Fighters,['KOEI TECMO America'],1,3.35,20,74,KOEI TECMO America
Rogue Trooper Redux,"['Rebellion', 'TickTock Games', 'TickTock Games Ltd']",3,3.65,17,60,Rebellion
The Aquatic Adventure of the Last Human,"['Digerati Distribution', 'YCJY', 'YCJY Games']",3,3.88,7,76,Digerati Distribution
Ironcast,['Dreadbit'],1,3.69,13,75,Dreadbit
WRC 5 FIA World Rally Championship,['Kylotonn Entertainment'],1,3.44,9,65,Kylotonn Entertainment
The Infectious Madness of Doctor Dekker,"[""D'Avekki Studios Ltd"", 'Wales Interactive', ""D'Avekki Studios""]",3,4.0,13,78,D'Avekki Studios Ltd
RIDE,"['BANDAI NAMCO Entertainment America Inc.', 'Milestone S.r.l.']",2,3.42,12,68,BANDAI NAMCO Entertainment America Inc.
Alto's Odyssey,"['Noodlecake Studios Inc', 'Snowman']",2,4.14,48,88,Noodlecake Studios Inc
Ground Control II: Operation Exodus,['Massive Entertainment'],1,4.07,15,80,Massive Entertainment
Minecraft: Story Mode - Season Two,['Telltale Games'],1,3.46,26,70,Telltale Games
Homesick,['Lucky Pause'],1,2.25,8,72,Lucky Pause
Travis Strikes Again: No More Heroes,"['Grasshopper Manufacture', 'Marvelous Entertainment Inc.']",2,3.92,25,65,Grasshopper Manufacture
The Golf Club 2,"['HB Studios', 'Maximum Games']",2,3.25,12,72,HB Studios
Urban Empire,"['Reborn Games', 'Reborn Interactive']",2,2.6,14,62,Reborn Games
Alekhine's Gun,['Maximum Games'],1,3.5,6,40,Maximum Games
Clandestine,['Logic Artists'],1,3.57,7,69,Logic Artists
Monolith,['Team D-13'],1,4.23,13,84,Team D-13
Lords of the Realm II,['Impressions Games'],1,4.5,10,77,Impressions Games
Near Death,['Orthogonal Games'],1,3.14,6,70,Orthogonal Games
Downward,['Caracal Games'],1,3.17,6,77,Caracal Games
Lethal League Blaze,"['Team Reptile', 'Reptile Games V.O.F.']",2,4.1,28,82,Team Reptile
Transference,['Ubisoft'],1,3.13,23,72,Ubisoft
ONE PIECE World Seeker,"['BANDAI NAMCO Entertainment America Inc.', 'GANBARION Co., Ltd.']",2,3.06,17,58,BANDAI NAMCO Entertainment America Inc.
Prospekt,['Richard Seabrook'],1,2.56,9,43,Richard Seabrook
Baobabs Mausoleum Ep. 1 Ovnifagos Don´t Eat Flamingos,"['Celery Emblem™', 'Celery Emblem']",2,3.12,8,69,Celery Emblem™
Adventures of Pip,"['Tic Toc Games', 'TicToc Games', 'Tic Toc Studios']",3,3.0,7,72,Tic Toc Games
Toukiden 2,"['KOEI TECMO America', 'Koei Tecmo']",2,3.6,10,73,KOEI TECMO America
Space Hulk: Tactics,"['Cyanide Studio', 'Focus Home Interactive']",2,3.21,14,70,Cyanide Studio
OVERKILL's The Walking Dead,"['505 Games', 'OVERKILL Software']",2,2.44,32,51,505 Games
Four Last Things,['Joe Richardson'],1,4.57,7,83,Joe Richardson
Herald: An Interactive Period Drama - Book I & II,['Wispfire'],1,2.29,7,77,Wispfire
Vector Thrust,['TimeSymmetry'],1,3.29,7,57,TimeSymmetry
Gravity Ghost,['Ivy Games'],1,4.0,6,75,Ivy Games
Bard's Gold,"['Erdem Sen', 'Erdem Sen t/a Erdem Sen']",2,3.0,8,58,Erdem Sen
Fire Emblem Heroes,"['Intelligent Systems', 'Nintendo']",2,3.58,40,72,Intelligent Systems
Tadpole Treble,['BitFinity'],1,1.83,6,90,BitFinity
Muv-Luv,"['ixtl', 'PQUBE LTD', 'Anchor Inc.']",3,4.22,9,76,ixtl
DYNASTY WARRIORS 9,['Omega Force'],1,2.6,18,65,Omega Force
Rad Rodgers: World One,['Interceptor Entertainment'],1,3.38,8,72,Interceptor Entertainment
Serious Sam's Bogus Detour,"['Crackshell', 'Croteam']",2,3.67,9,76,Crackshell
Kirby: Planet Robobot,['HAL Laboratory'],1,4.19,34,81,HAL Laboratory
Hybrid Wars,"['Extreme Developers', 'WG Labs']",2,2.78,9,54,Extreme Developers
The Walking Dead: The Telltale Definitive Series,"['Telltale Games', 'Skybound LLC']",2,4.11,15,84,Telltale Games
"Warhammer 40,000: Deathwatch - Enhanced Edition",['Rodeo Games'],1,2.62,8,74,Rodeo Games
The Legend of Heroes: Trails in the Sky the 3rd,"['Nihon Falcom', 'Nihon Falcom Corporation']",2,4.41,17,83,Nihon Falcom
Danger Zone,"['Three Fields Entertainment', 'Three Fields Entertainment LTD']",2,2.31,13,64,Three Fields Entertainment
Genesis Alpha One,"['Team17 Digital', 'Radiation Blue']",2,1.89,9,68,Team17 Digital
DAEMON X MACHINA,['Marvelous Inc.'],1,2.45,11,70,Marvelous Inc.
Clash Royale,['Supercell'],1,3.9,39,86,Supercell
The Elder Scrolls: Blades,"['Bethesda Game Studios', 'Bethesda Softworks']",2,2.87,29,43,Bethesda Game Studios
Circa Infinity,['Kenny Sun'],1,3.25,8,80,Kenny Sun
Asphalt 9: Legends,"['Gameloft', 'Gameloft Barcelona', 'Gameloft SE']",3,3.38,40,68,Gameloft
Act of Aggression - Reboot Edition,['Eugen Systems'],1,3.0,8,71,Eugen Systems
RollerCoaster Tycoon World,['Nvizzio Creations'],1,3.0,9,43,Nvizzio Creations
Ride 2,"['Milestone', 'Milestone S.r.l.']",2,3.67,15,67,Milestone
Voodoo Vince: Remastered,"['Beep Games, Inc.']",1,3.91,11,63,"Beep Games, Inc."
Call of Duty: Mobile,['Tencent Games'],1,3.89,36,81,Tencent Games
Mushihimesama,"['CAVE Interactive CO.,LTD.']",1,4.38,8,86,"CAVE Interactive CO.,LTD."
Stellaris: Console Edition,['Paradox Interactive'],1,4.08,11,79,Paradox Interactive
Inner Chains,['Telepaths Tree'],1,2.25,8,40,Telepaths Tree
Mantis Burn Racing,"['VooFoo Studios', 'VOOFOO STUDIOS LIMITED']",2,3.22,9,71,VooFoo Studios
Sublevel Zero,"['Sigtrap Games', 'Sigtrap']",2,3.17,6,71,Sigtrap Games
Her Majesty's SPIFFING,"['Billy Goat Entertainment Ltd', 'BillyGoat Entertainment Ltd']",2,3.57,7,60,Billy Goat Entertainment Ltd
Ghostbusters: The Video Game Remastered,['Saber Interactive'],1,3.8,10,68,Saber Interactive
Conan Unconquered,['Petroglyph'],1,3.0,9,62,Petroglyph
Regalia: Of Men and Monarchs,['Pixelated Milk'],1,3.57,6,73,Pixelated Milk
VIDEOBALL,"['Action Button Entertainment, LLC', 'Iron Galaxy Studios, LLC']",2,3.5,8,82,"Action Button Entertainment, LLC"
Xanadu Next,"['Nihon Falcom', 'Nihon Falcom Corporation']",2,3.86,6,78,Nihon Falcom
A Fisherman's Tale,"['Innerspace VR', 'Vertigo Games']",2,4.36,10,78,Innerspace VR
Knack 2,['Sony Interactive Entertainment'],1,3.32,25,71,Sony Interactive Entertainment
Rico,"['Ground Shatter', 'Rising Star Games']",2,3.45,11,60,Ground Shatter
Zanki Zero: Last Beginning,"['Spike Chunsoft Co., Ltd.', 'Spike Chunsoft, Inc.']",2,4.14,7,72,"Spike Chunsoft Co., Ltd."
Brut@l,"['Stormcloud Games', 'Stormcloud Games Limited']",2,2.92,12,66,Stormcloud Games
Fate/Extella Link,"['Marvelous Inc.', 'Type-Moon', 'Marvelous USA (XSEED)']",3,3.9,10,77,Marvelous Inc.
Killing Floor: Incursion,['Tripwire Interactive'],1,3.45,11,67,Tripwire Interactive
The Caligula Effect: Overdose,"['NIS America Inc.', 'Engine Software BV', 'FURYU Corporation']",3,3.0,7,61,NIS America Inc.
Nitroplus Blasterz: Heroines Infinite Duel,"['EXAMU', 'XSEED JKS Inc', 'Marvelous Inc.']",3,3.33,6,63,EXAMU
The Assembly,"['nDreams', 'NDREAMS LTD']",2,3.29,7,55,nDreams
DARIUSBURST Chronicle Saviours,"['Chara-Ani', 'DEGICA CO., LTD.', 'Pyramid']",3,3.86,7,80,Chara-Ani
Death Mark,"['Aksys Games', 'Experience Inc.', 'Experience']",3,4.08,12,80,Aksys Games
GRID (2019),['Codemasters'],1,3.07,13,75,Codemasters
Ancestors Legacy,['Destructive Creations'],1,3.8,13,73,Destructive Creations
KILL la KILL - IF,"['Arc System Works', 'APLUS Co., Ltd', 'APLUS Co., Ltd.', 'APLUS Games']",4,2.14,7,66,Arc System Works
Mighty Switch Force! Hyper Drive Edition,['WayForward Technologies'],1,3.56,9,85,WayForward Technologies
Destiny 2: Warmind,"['Activision', 'Bungie, Inc.']",2,3.53,32,64,Activision
Fated: The Silent Oath,['Frima Studio'],1,3.0,6,67,Frima Studio
Everybody's Golf VR,['Sony Interactive Entertainment'],1,4.0,6,78,Sony Interactive Entertainment
Apsulov: End of Gods,['Angry Demon Studio'],1,3.14,7,71,Angry Demon Studio
Steel Division 2,['Eugen Systems'],1,4.0,8,73,Eugen Systems
Yaga,['Breadcrumbs Interactive'],1,3.5,12,70,Breadcrumbs Interactive
Shin Megami Tensei: Strange Journey Redux,"['Atlus', 'Lancarse']",2,4.31,12,80,Atlus
Mario Kart Tour,['Nintendo'],1,3.09,22,58,Nintendo
Fossil Echo,['Awaceb'],1,3.0,6,61,Awaceb
Persona Q2: New Cinema Labyrinth,['Atlus'],1,4.0,8,81,Atlus
Lethal VR,"['Three Fields Entertainment', 'Team17 Digital']",2,3.86,7,66,Three Fields Entertainment
Xenoblade Chronicles 3D,['Monolith Soft'],1,4.19,21,86,Monolith Soft
Ashes Cricket,['Big Ant Studios'],1,3.33,9,76,Big Ant Studios
Forza Horizon 4 LEGO Speed Champions,['Playground Games'],1,3.37,19,77,Playground Games
CALENDULA,['Blooming Buds Studio'],1,2.5,8,67,Blooming Buds Studio
Devil's Hunt,['Layopi Games'],1,1.27,15,47,Layopi Games
The Wardrobe,"['C.I.N.I.C. Games', 'MixedBag']",2,2.83,6,72,C.I.N.I.C. Games
Lifeline...,"['3 Minute Games', '3 Minute Games, LLC']",2,4.42,12,77,3 Minute Games
Ash of Gods: Redemption,['AurumDust'],1,3.29,12,65,AurumDust
Destiny 2: Curse of Osiris,"['Bungie, Inc.', 'High Moon Studios']",2,3.2,30,58,"Bungie, Inc."
Valentino Rossi The Game,"['Milestone', 'Milestone S.r.l.']",2,3.0,6,72,Milestone
ZONE OF THE ENDERS: The 2nd Runner - M∀RS,"['Cygames, Inc.', 'Konami Digital Entertainment']",2,4.5,10,71,"Cygames, Inc."
Final Fantasy 15 Pocket Edition,['Square Enix'],1,3.47,15,72,Square Enix
The Touryst,"[""Shin'en Multimedia""]",1,3.27,11,79,Shin'en Multimedia
AereA,"['SOEDESCO Publishing', 'Triangle Studios']",2,2.5,6,57,SOEDESCO Publishing
Dark Souls III: The Ringed City,['FromSoftware'],1,4.67,15,83,FromSoftware
Blossom Tales: The Sleeping King,"['Castle Pixel, LLC.', 'Castle Pixel']",2,3.75,7,78,"Castle Pixel, LLC."
The Evil Within: The Assignment,['Tango Gameworks'],1,4.0,25,80,Tango Gameworks
Oceanhorn 2: Knights of the Lost Realm,['Cornfox & Bros.'],1,3.64,11,73,Cornfox & Bros.
NASCAR Heat 3,"['Monster Games', '704Games Company']",2,3.17,6,66,Monster Games
Fallout 4: Automatron,['Bethesda Game Studios'],1,3.26,18,70,Bethesda Game Studios
Monster Hunter Stories,['Capcom'],1,4.15,12,81,Capcom
The Evil Within: The Consequence,['Tango Gameworks'],1,4.05,21,76,Tango Gameworks
VOEZ,['Rayark International Limited'],1,4.17,18,86,Rayark International Limited
Past Cure,['Phantom 8 Studio'],1,2.25,12,40,Phantom 8 Studio
Troll and I,"['Maximum Games', 'Spiral House Ltd.', 'Spiral House Ltd']",3,1.83,6,27,Maximum Games
FRAMED 2,"['Loveshack', 'Noodlecake Studios Inc']",2,3.78,9,89,Loveshack
Fallout 4: Nuka-World,['Bethesda Game Studios'],1,2.8,9,71,Bethesda Game Studios
Pokkén Tournament,['Bandai Namco Entertainment'],1,3.55,11,76,Bandai Namco Entertainment
Ever Oasis,['Grezzo'],1,3.88,8,78,Grezzo
AO International Tennis,['Big Ant Studios'],1,3.45,11,58,Big Ant Studios
Far Cry 5 - Lost On Mars,['Ubisoft'],1,3.57,7,59,Ubisoft
CATS: Crash Arena Turbo Stars (C.A.T.S.),['ZeptoLab'],1,3.79,14,78,ZeptoLab
Card Thief,['Arnold Rauers'],1,3.9,9,88,Arnold Rauers
Fallout 4 - Far Harbor,['Bethesda Game Studios'],1,3.92,12,77,Bethesda Game Studios
